2026-03-03 17:13:28,691 [INFO] ✅ 460 proxies buscados de fontes públicas.
2026-03-03 17:13:52,736 [INFO] 🌐 Proxy ativo: 172.67.70.35:80
2026-03-03 17:13:52,739 [INFO] ====== WebDriver manager ======
2026-03-03 17:13:55,378 [INFO] Get LATEST chromedriver version for google-chrome
2026-03-03 17:13:56,564 [INFO] Get LATEST chromedriver version for google-chrome
2026-03-03 17:13:57,902 [INFO] There is no [win64] chromedriver "144.0.7559.133" for browser google-chrome "144.0.7559" in cache
2026-03-03 17:13:57,903 [INFO] Get LATEST chromedriver version for google-chrome
2026-03-03 17:14:01,046 [INFO] WebDriver version 144.0.7559.133 selected
2026-03-03 17:14:01,060 [INFO] Modern chrome version https://storage.googleapis.com/chrome-for-testing-public/144.0.7559.133/win32/chromedriver-win32.zip
2026-03-03 17:14:01,060 [INFO] About to download new driver from https://storage.googleapis.com/chrome-for-testing-public/144.0.7559.133/win32/chromedriver-win32.zip
2026-03-03 17:14:03,055 [INFO] Driver downloading response is 200
2026-03-03 17:14:08,340 [INFO] Get LATEST chromedriver version for google-chrome
2026-03-03 17:14:09,779 [INFO] Driver has been saved in cache [C:\Users\joaqu\.wdm\drivers\chromedriver\win64\144.0.7559.133]
2026-03-03 17:14:21,351 [INFO] 🔐 Fazendo login no Rumble...
2026-03-03 17:14:25,072 [INFO] 🏁 Automação encerrada.
2026-03-03 17:14:57,181 [INFO] ✅ 460 proxies buscados de fontes públicas.
2026-03-03 17:14:57,596 [INFO] 🌐 Proxy ativo: 8.213.222.247:8080
2026-03-03 17:14:57,604 [INFO] ====== WebDriver manager ======
2026-03-03 17:15:00,051 [INFO] Get LATEST chromedriver version for google-chrome
2026-03-03 17:15:01,239 [INFO] Get LATEST chromedriver version for google-chrome
2026-03-03 17:15:02,387 [INFO] Driver [C:\Users\joaqu\.wdm\drivers\chromedriver\win64\144.0.7559.133\chromedriver-win32/chromedriver.exe] found in cache
2026-03-03 17:15:04,497 [INFO] 🔐 Fazendo login no Rumble...
2026-03-03 17:15:41,653 [ERROR] ❌ Timeout ao tentar login.
2026-03-03 17:15:41,655 [WARNING] 🔓 Rodando sem login — like e comentário podem não funcionar.
2026-03-03 17:15:41,656 [INFO] 🔍 Acessando perfil: https://rumble.com/user/joaquimcdacruz31/videos
2026-03-03 17:15:51,830 [INFO] 📋 0 vídeos encontrados.
2026-03-03 17:15:51,830 [ERROR] ❌ Nenhum vídeo encontrado na página. Encerrando.
2026-03-03 17:15:54,861 [INFO] 🏁 Automação encerrada.
2026-03-03 17:20:26,737 [INFO] ✅ 488 proxies buscados de fontes públicas.
2026-03-03 17:20:26,739 [INFO] 🕷️  Iniciando scraping de vídeos (sem proxy)...
2026-03-03 17:20:26,739 [INFO] ====== WebDriver manager ======
2026-03-03 17:20:29,363 [INFO] Get LATEST chromedriver version for google-chrome
2026-03-03 17:20:30,507 [INFO] Get LATEST chromedriver version for google-chrome
2026-03-03 17:20:31,769 [INFO] Driver [C:\Users\joaqu\.wdm\drivers\chromedriver\win64\144.0.7559.133\chromedriver-win32/chromedriver.exe] found in cache
2026-03-03 17:20:34,505 [INFO] 🔐 Fazendo login no Rumble...
2026-03-03 17:20:55,257 [ERROR] ❌ Timeout ao tentar login.
2026-03-03 17:20:55,258 [INFO] 🔍 Acessando perfil: https://rumble.com/user/joaquimcdacruz31/videos
2026-03-03 17:21:04,646 [WARNING] 🔄 Fallback: tentando seletores CSS específicos...
2026-03-03 17:21:04,972 [WARNING] 🔎 Debug — primeiros hrefs na página: ['https://www.cloudflare.com/?utm_source=challenge&utm_campaign=m', 'https://www.cloudflare.com/pt-br/privacypolicy/']
2026-03-03 17:21:04,973 [INFO] 📋 0 vídeos encontrados.
2026-03-03 17:21:09,630 [ERROR] ❌ Nenhum vídeo encontrado na página. Encerrando.
2026-03-03 17:26:16,217 [INFO] ✅ 490 proxies buscados de fontes públicas.
2026-03-03 17:26:16,219 [INFO] 🕷️  Iniciando scraping de vídeos (sem proxy)...
2026-03-03 17:26:20,817 [INFO] patching driver executable C:\Users\joaqu\appdata\roaming\undetected_chromedriver\undetected_chromedriver.exe
2026-03-03 17:26:56,909 [INFO] ✅ 490 proxies buscados de fontes públicas.
2026-03-03 17:26:56,909 [INFO] 🕷️  Iniciando scraping de vídeos (sem proxy)...
2026-03-03 17:27:01,874 [INFO] patching driver executable C:\Users\joaqu\appdata\roaming\undetected_chromedriver\undetected_chromedriver.exe
2026-03-03 17:27:43,613 [INFO] ✅ 490 proxies buscados de fontes públicas.
2026-03-03 17:27:43,614 [INFO] 🕷️  Iniciando scraping de vídeos (sem proxy)...
2026-03-03 17:27:47,426 [INFO] patching driver executable C:\Users\joaqu\appdata\roaming\undetected_chromedriver\undetected_chromedriver.exe
2026-03-03 17:29:17,684 [INFO] ✅ 490 proxies buscados de fontes públicas.
2026-03-03 17:29:17,686 [INFO] 🕷️  Iniciando scraping de vídeos (sem proxy)...
2026-03-03 17:29:21,206 [INFO] patching driver executable C:\Users\joaqu\appdata\roaming\undetected_chromedriver\undetected_chromedriver.exe
2026-03-03 17:32:26,878 [INFO] ✅ 500 proxies buscados de fontes públicas.
2026-03-03 17:32:26,882 [INFO] 🕷️  Iniciando scraping de vídeos com perfil Chrome real...
2026-03-03 17:32:26,884 [INFO] 👤 Usando perfil Chrome: C:\Users\joaqu\AppData\Local\Google\Chrome\User Data\Default
2026-03-03 17:32:26,885 [INFO] ====== WebDriver manager ======
2026-03-03 17:32:30,948 [INFO] Get LATEST chromedriver version for google-chrome
2026-03-03 17:32:32,701 [INFO] Get LATEST chromedriver version for google-chrome
2026-03-03 17:32:34,102 [INFO] Driver [C:\Users\joaqu\.wdm\drivers\chromedriver\win64\144.0.7559.133\chromedriver-win32/chromedriver.exe] found in cache
2026-03-03 17:34:24,145 [INFO] ✅ 500 proxies buscados de fontes públicas.
2026-03-03 17:34:24,148 [INFO] 🕷️  Iniciando scraping de vídeos com perfil Chrome real...
2026-03-03 17:34:24,148 [INFO] 👤 Usando perfil Chrome: C:\Users\joaqu\AppData\Local\Google\Chrome\User Data\Default
2026-03-03 17:34:24,148 [INFO] ====== WebDriver manager ======
2026-03-03 17:34:26,454 [INFO] Get LATEST chromedriver version for google-chrome
2026-03-03 17:34:27,782 [INFO] Get LATEST chromedriver version for google-chrome
2026-03-03 17:34:29,013 [INFO] Driver [C:\Users\joaqu\.wdm\drivers\chromedriver\win64\144.0.7559.133\chromedriver-win32/chromedriver.exe] found in cache
2026-03-03 17:39:42,812 [INFO] ✅ 497 proxies buscados de fontes públicas.
2026-03-03 17:39:42,816 [INFO] ====== WebDriver manager ======
2026-03-03 17:39:45,510 [INFO] Get LATEST chromedriver version for google-chrome
2026-03-03 17:39:46,639 [INFO] Get LATEST chromedriver version for google-chrome
2026-03-03 17:39:47,754 [INFO] Driver [C:\Users\joaqu\.wdm\drivers\chromedriver\win64\144.0.7559.133\chromedriver-win32/chromedriver.exe] found in cache
2026-03-03 17:39:51,509 [INFO] 🔐 Fazendo login no Rumble...
2026-03-03 17:44:44,785 [INFO] ✅ 476 proxies buscados de fontes públicas.
2026-03-03 17:44:44,788 [INFO] ====== WebDriver manager ======
2026-03-03 17:44:47,371 [INFO] Get LATEST chromedriver version for google-chrome
2026-03-03 17:44:48,712 [INFO] Get LATEST chromedriver version for google-chrome
2026-03-03 17:44:50,015 [INFO] Driver [C:\Users\joaqu\.wdm\drivers\chromedriver\win64\144.0.7559.133\chromedriver-win32/chromedriver.exe] found in cache
2026-03-03 17:44:54,990 [INFO] 🔐 Fazendo login no Rumble...
2026-03-03 17:44:57,619 [WARNING] 🔒 Aguardando bypass manual do Cloudflare...
2026-03-03 17:46:16,387 [ERROR] ❌ Timeout ao tentar login.
2026-03-03 17:46:16,388 [WARNING] 🔓 Sem login — like e comentário serão pulados.
2026-03-03 17:46:16,388 [INFO] 🔍 Acessando: https://rumble.com/user/joaquimcdacruz31/videos
2026-03-03 17:46:17,129 [WARNING] 🔒 Aguardando bypass manual do Cloudflare...
2026-03-03 17:47:02,343 [WARNING] Retrying (Retry(total=2, connect=None, read=None, redirect=None, status=None)) after connection broken by 'ConnectionResetError(10054, 'Foi forçado o cancelamento de uma conexão existente pelo host remoto', None, 10054, None)': /session/4bacac6c6e65c97f4c26fbc0e79efa21
2026-03-03 17:47:06,404 [WARNING] Retrying (Retry(total=1, connect=None, read=None, redirect=None, status=None)) after connection broken by 'NewConnectionError("HTTPConnection(host='localhost', port=59653): Failed to establish a new connection: [WinError 10061] Nenhuma conexão pôde ser feita porque a máquina de destino as recusou ativamente")': /session/4bacac6c6e65c97f4c26fbc0e79efa21
2026-03-03 17:47:10,454 [WARNING] Retrying (Retry(total=0, connect=None, read=None, redirect=None, status=None)) after connection broken by 'NewConnectionError("HTTPConnection(host='localhost', port=59653): Failed to establish a new connection: [WinError 10061] Nenhuma conexão pôde ser feita porque a máquina de destino as recusou ativamente")': /session/4bacac6c6e65c97f4c26fbc0e79efa21
2026-03-03 17:55:25,196 [INFO] ✅ 474 proxies buscados de fontes públicas.
2026-03-03 17:55:25,199 [INFO] 🎬 Processando 2 vídeo(s) listados...
2026-03-03 17:55:25,201 [INFO] 
============================================================
2026-03-03 17:55:25,201 [INFO] 📹 Vídeo 1/2: https://rumble.com/v76kvjs-karaok-hugo-and-guilherme-ai-meu-deus-ao-vivo.html
2026-03-03 17:55:25,367 [INFO] 🌐 Proxy ativo: 74.208.234.198:443
2026-03-03 17:55:25,367 [INFO] ====== WebDriver manager ======
2026-03-03 17:55:27,790 [INFO] Get LATEST chromedriver version for google-chrome
2026-03-03 17:55:28,937 [INFO] Get LATEST chromedriver version for google-chrome
2026-03-03 17:55:30,160 [INFO] There is no [win64] chromedriver "145.0.7632.117" for browser google-chrome "145.0.7632" in cache
2026-03-03 17:55:30,160 [INFO] Get LATEST chromedriver version for google-chrome
2026-03-03 17:55:32,543 [INFO] WebDriver version 145.0.7632.117 selected
2026-03-03 17:55:32,563 [INFO] Modern chrome version https://storage.googleapis.com/chrome-for-testing-public/145.0.7632.117/win32/chromedriver-win32.zip
2026-03-03 17:55:32,563 [INFO] About to download new driver from https://storage.googleapis.com/chrome-for-testing-public/145.0.7632.117/win32/chromedriver-win32.zip
2026-03-03 17:55:33,766 [INFO] Driver downloading response is 200
2026-03-03 17:55:37,004 [INFO] Get LATEST chromedriver version for google-chrome
2026-03-03 17:55:38,328 [INFO] Driver has been saved in cache [C:\Users\joaqu\.wdm\drivers\chromedriver\win64\145.0.7632.117]
2026-03-03 17:55:47,785 [INFO] 🔐 Fazendo login no Rumble...
2026-03-03 17:56:09,348 [WARNING] 🔒 Aguardando bypass manual do Cloudflare...
2026-03-03 17:57:21,305 [INFO] ✅ Cloudflare resolvido! Continuando...
2026-03-03 17:57:38,567 [ERROR] ❌ Timeout ao tentar login.
2026-03-03 17:57:38,571 [WARNING] 🔓 Login falhou ou não configurado — só assistindo ao vídeo.
2026-03-03 17:57:38,571 [INFO] ▶️  Abrindo: https://rumble.com/v76kvjs-karaok-hugo-and-guilherme-ai-meu-deus-ao-vivo.html
2026-03-03 17:57:51,208 [WARNING] 🔒 Aguardando bypass manual do Cloudflare...
2026-03-03 17:58:33,893 [INFO] ✅ 474 proxies buscados de fontes públicas.
2026-03-03 17:58:33,895 [INFO] 🎬 Processando 2 vídeo(s) listados...
2026-03-03 17:58:33,895 [INFO] 
============================================================
2026-03-03 17:58:33,895 [INFO] 📹 Vídeo 1/2: https://rumble.com/v76kvjs-karaok-hugo-and-guilherme-ai-meu-deus-ao-vivo.html
2026-03-03 17:58:42,273 [INFO] 🌐 Proxy ativo: 120.92.212.16:8890
2026-03-03 17:58:42,273 [INFO] ====== WebDriver manager ======
2026-03-03 17:58:45,088 [INFO] Get LATEST chromedriver version for google-chrome
2026-03-03 17:58:46,566 [INFO] Get LATEST chromedriver version for google-chrome
2026-03-03 17:58:48,152 [INFO] Driver [C:\Users\joaqu\.wdm\drivers\chromedriver\win64\145.0.7632.117\chromedriver-win32/chromedriver.exe] found in cache
2026-03-03 17:58:50,596 [INFO] 🔐 Fazendo login no Rumble...
2026-03-03 17:58:52,868 [ERROR] ❌ Erro no vídeo: Message: unknown error: net::ERR_CONNECTION_RESET
  (Session info: chrome=145.0.7632.117)
Stacktrace:
Symbols not available. Dumping unresolved backtrace:
	0xbb7dd3
	0xbb7e14
	0x9c1db0
	0x9bf2be
	0x9b23d4
	0x9b3e2c
	0x9b2864
	0x9b21a5
	0x9b1ea5
	0x9affb8
	0x9b06ca
	0x9c583e
	0xa4c174
	0xa2ea3c
	0xa4b621
	0xa2e7d6
	0xa00049
	0xa00e04
	0xe16924
	0xe11bf7
	0xe2f5a0
	0xbd0f58
	0xbd891d
	0xbc0648
	0xbc0812
	0xbaa21a
	0x75305d49
	0x7775d83b
	0x7775d7c1

2026-03-03 17:58:52,870 [WARNING] 🚫 Proxy marcado como falho: 120.92.212.16:8890
2026-03-03 17:58:55,406 [INFO] ⏸  Aguardando 13s até o próximo...
2026-03-03 17:59:08,481 [INFO] 
============================================================
2026-03-03 17:59:08,483 [INFO] 📹 Vídeo 2/2: https://rumble.com/v76kuc2-karaok-hugo-and-guilherme-carrefour-ao-vivo.html?e9s=src_v1_cbl%2Csrc_v1_ucp_a
2026-03-03 17:59:32,876 [INFO] 🌐 Proxy ativo: 103.155.168.178:8299
2026-03-03 17:59:32,878 [INFO] ====== WebDriver manager ======
2026-03-03 17:59:35,433 [INFO] Get LATEST chromedriver version for google-chrome
2026-03-03 17:59:36,808 [INFO] Get LATEST chromedriver version for google-chrome
2026-03-03 18:02:06,067 [INFO] ✅ 464 proxies buscados de fontes públicas.
2026-03-03 18:02:06,067 [INFO] 🎬 Processando 2 vídeo(s) listados...
2026-03-03 18:02:06,067 [INFO] 
============================================================
2026-03-03 18:02:06,067 [INFO] 📹 Vídeo 1/2: https://rumble.com/v76kvjs-karaok-hugo-and-guilherme-ai-meu-deus-ao-vivo.html
2026-03-03 18:02:25,373 [INFO] 🌐 Proxy ativo: 165.99.151.253:10001
2026-03-03 18:02:25,374 [INFO] ====== WebDriver manager ======
2026-03-03 18:02:28,020 [INFO] Get LATEST chromedriver version for google-chrome
2026-03-03 18:02:29,152 [INFO] Get LATEST chromedriver version for google-chrome
2026-03-03 18:02:30,272 [INFO] Driver [C:\Users\joaqu\.wdm\drivers\chromedriver\win64\145.0.7632.117\chromedriver-win32/chromedriver.exe] found in cache
2026-03-03 18:02:31,899 [INFO] 🔐 Fazendo login no Rumble...
2026-03-03 18:02:57,623 [ERROR] ❌ Timeout ao tentar login.
2026-03-03 18:02:57,623 [WARNING] 🔓 Login falhou ou não configurado — só assistindo ao vídeo.
2026-03-03 18:02:57,623 [INFO] ▶️  Abrindo: https://rumble.com/v76kvjs-karaok-hugo-and-guilherme-ai-meu-deus-ao-vivo.html
2026-03-03 18:03:10,868 [INFO] ⏱  Assistindo 76s (duração: 120s)...
2026-03-03 18:04:30,808 [INFO] ✅ Visualização concluída.
2026-03-03 18:05:26,335 [WARNING] ⚠️  Nenhum proxy configurado — rodando sem proxy.
2026-03-03 18:05:26,335 [INFO] 🎬 Processando 2 vídeo(s) listados...
2026-03-03 18:05:26,335 [INFO] 
============================================================
2026-03-03 18:05:26,335 [INFO] 📹 Vídeo 1/2: https://rumble.com/v76kvjs-karaok-hugo-and-guilherme-ai-meu-deus-ao-vivo.html
2026-03-03 18:05:26,335 [WARNING] ⚠️  Sem proxies disponíveis. Recarregando...
2026-03-03 18:05:26,335 [ERROR] ❌ Todos os proxies falharam. Continuando sem proxy.
2026-03-03 18:05:26,335 [INFO] ====== WebDriver manager ======
2026-03-03 18:05:28,667 [INFO] Get LATEST chromedriver version for google-chrome
2026-03-03 18:05:29,830 [INFO] Get LATEST chromedriver version for google-chrome
2026-03-03 18:05:30,960 [INFO] Driver [C:\Users\joaqu\.wdm\drivers\chromedriver\win64\145.0.7632.117\chromedriver-win32/chromedriver.exe] found in cache
2026-03-03 18:05:32,703 [INFO] 🔐 Fazendo login no Rumble...
2026-03-03 18:05:34,819 [WARNING] 🔒 Aguardando bypass manual do Cloudflare...
2026-03-03 18:08:15,666 [WARNING] ⚠️  Nenhum proxy configurado — rodando sem proxy.
2026-03-03 18:08:15,667 [INFO] 🎬 Processando 2 vídeo(s) listados...
2026-03-03 18:08:15,667 [INFO] 
============================================================
2026-03-03 18:08:15,668 [INFO] 📹 Vídeo 1/2: https://rumble.com/v76kvjs-karaok-hugo-and-guilherme-ai-meu-deus-ao-vivo.html
2026-03-03 18:08:15,668 [WARNING] ⚠️  Sem proxies disponíveis. Recarregando...
2026-03-03 18:08:15,668 [ERROR] ❌ Todos os proxies falharam. Continuando sem proxy.
2026-03-03 18:08:15,670 [INFO] ====== WebDriver manager ======
2026-03-03 18:08:18,489 [INFO] Get LATEST geckodriver version for None firefox
2026-03-03 18:08:20,091 [INFO] Getting latest mozilla release info for v0.36.0
2026-03-03 18:08:21,454 [INFO] About to download new driver from https://github.com/mozilla/geckodriver/releases/download/v0.36.0/geckodriver-v0.36.0-win64.zip
2026-03-03 18:08:24,045 [INFO] Driver downloading response is 200
2026-03-03 18:08:25,939 [INFO] Get LATEST geckodriver version for None firefox
2026-03-03 18:08:28,310 [INFO] Get LATEST geckodriver version for None firefox
2026-03-03 18:08:30,958 [INFO] Driver has been saved in cache [C:\Users\joaqu\.wdm\drivers\geckodriver\win64\v0.36.0]
2026-03-03 18:12:11,884 [INFO] Feche todas as outras janelas do Chrome antes de rodar este script, se possível.
2026-03-03 18:13:06,610 [INFO] Feche todas as outras janelas do Chrome antes de rodar este script, se possível.
2026-03-03 18:13:13,730 [INFO] Feche todas as outras janelas do Chrome antes de rodar este script, se possível.
2026-03-03 18:14:43,891 [INFO] Feche todas as outras janelas do Chrome antes de rodar este script, se possível.
2026-03-03 18:15:34,913 [INFO] Feche todas as outras janelas do Chrome antes de rodar este script, se possível.
2026-03-03 18:15:34,913 [INFO] 🌐 Iniciando o seu Google Chrome real...
2026-03-03 18:15:38,933 [INFO] ====== WebDriver manager ======
2026-03-03 18:15:45,986 [INFO] Get LATEST chromedriver version for google-chrome
2026-03-03 18:15:48,684 [INFO] Get LATEST chromedriver version for google-chrome
2026-03-03 18:15:50,219 [INFO] Driver [C:\Users\joaqu\.wdm\drivers\chromedriver\win64\145.0.7632.117\chromedriver-win32/chromedriver.exe] found in cache
2026-03-03 18:16:53,571 [ERROR] ❌ Não foi possível conectar ao seu Chrome. Feche o Chrome manualmente pelo Gerenciador de Tarefas e tente de novo. Erro: Message: session not created: cannot connect to chrome at 127.0.0.1:9222
from chrome not reachable; For documentation on this error, please visit: https://www.selenium.dev/documentation/webdriver/troubleshooting/errors#sessionnotcreatedexception
Stacktrace:
Symbols not available. Dumping unresolved backtrace:
	0xbb7dd3
	0xbb7e14
	0x9c1bee
	0x9b5408
	0x9fc2a2
	0x9f2555
	0x9f2376
	0xa3aa9f
	0xa3a2b7
	0xa2e7d6
	0xa00049
	0xa00e04
	0xe16924
	0xe11bf7
	0xe2f5a0
	0xbd0f58
	0xbd891d
	0xbc0648
	0xbc0812
	0xbaa21a
	0x75305d49
	0x7775d83b
	0x7775d7c1

2026-03-03 18:17:46,580 [INFO] Feche todas as outras janelas do Chrome antes de rodar este script, se possível.
2026-03-03 18:17:46,580 [INFO] 🧹 Fechando processos abertos do Chrome para liberar a porta de debug...
2026-03-03 18:17:48,958 [INFO] 🌐 Iniciando o seu Google Chrome real...
2026-03-03 18:17:53,224 [INFO] ====== WebDriver manager ======
2026-03-03 18:17:58,232 [INFO] Get LATEST chromedriver version for google-chrome
2026-03-03 18:18:00,476 [INFO] Get LATEST chromedriver version for google-chrome
2026-03-03 18:18:01,943 [INFO] Driver [C:\Users\joaqu\.wdm\drivers\chromedriver\win64\145.0.7632.117\chromedriver-win32/chromedriver.exe] found in cache
2026-03-03 18:19:05,030 [ERROR] ❌ Não foi possível conectar ao seu Chrome. Feche o Chrome manualmente pelo Gerenciador de Tarefas e tente de novo. Erro: Message: session not created: cannot connect to chrome at 127.0.0.1:9222
from chrome not reachable; For documentation on this error, please visit: https://www.selenium.dev/documentation/webdriver/troubleshooting/errors#sessionnotcreatedexception
Stacktrace:
Symbols not available. Dumping unresolved backtrace:
	0xbb7dd3
	0xbb7e14
	0x9c1bee
	0x9b5408
	0x9fc2a2
	0x9f2555
	0x9f2376
	0xa3aa9f
	0xa3a2b7
	0xa2e7d6
	0xa00049
	0xa00e04
	0xe16924
	0xe11bf7
	0xe2f5a0
	0xbd0f58
	0xbd891d
	0xbc0648
	0xbc0812
	0xbaa21a
	0x75305d49
	0x7775d83b
	0x7775d7c1

2026-03-03 18:21:09,663 [INFO] Feche todas as outras janelas do Chrome antes de rodar este script, se possível.
2026-03-03 18:21:09,664 [INFO] 🧹 Fechando processos abertos do Chrome para liberar portas...
2026-03-03 18:21:11,969 [INFO] 🌐 Iniciando o Chrome de Automação Isolado...
2026-03-03 18:21:11,989 [INFO] ⏳ Aguardando o Chrome iniciar a porta (10s)...
2026-03-03 18:21:21,990 [INFO] ====== WebDriver manager ======
2026-03-03 18:21:24,070 [INFO] Get LATEST chromedriver version for google-chrome
2026-03-03 18:21:25,248 [INFO] Get LATEST chromedriver version for google-chrome
2026-03-03 18:21:26,562 [INFO] Driver [C:\Users\joaqu\.wdm\drivers\chromedriver\win64\145.0.7632.117\chromedriver-win32/chromedriver.exe] found in cache
2026-03-03 18:21:27,124 [INFO] 🎬 Processando 2 vídeos listados no config...
2026-03-03 18:21:27,124 [INFO] 
============================================================
2026-03-03 18:21:27,126 [INFO] 📹 Vídeo 1/2: https://rumble.com/v76kvjs-karaok-hugo-and-guilherme-ai-meu-deus-ao-vivo.html
2026-03-03 18:21:27,126 [INFO] ▶️  Abrindo: https://rumble.com/v76kvjs-karaok-hugo-and-guilherme-ai-meu-deus-ao-vivo.html
2026-03-03 18:22:07,105 [ERROR] ❌ Erro no vídeo: Message: invalid session id: session deleted as the browser has closed the connection
from disconnected: not connected to DevTools
  (Session info: chrome=145.0.7632.117); For documentation on this error, please visit: https://www.selenium.dev/documentation/webdriver/troubleshooting/errors#invalidsessionidexception
Stacktrace:
Symbols not available. Dumping unresolved backtrace:
	0xbb7dd3
	0xbb7e14
	0x9c1db0
	0x9b0d4e
	0x9cf895
	0xa352ec
	0xa4b0d9
	0xa2e7d6
	0xa00049
	0xa00e04
	0xe16924
	0xe11bf7
	0xe2f5a0
	0xbd0f58
	0xbd891d
	0xbc0648
	0xbc0812
	0xbaa21a
	0x75305d49
	0x7775d83b
	0x7775d7c1

2026-03-03 18:22:07,105 [INFO] ⏸  Aguardando 28s até o próximo...
2026-03-03 18:22:35,037 [INFO] 
============================================================
2026-03-03 18:22:35,038 [INFO] 📹 Vídeo 2/2: https://rumble.com/v76kuc2-karaok-hugo-and-guilherme-carrefour-ao-vivo.html?e9s=src_v1_cbl%2Csrc_v1_ucp_a
2026-03-03 18:22:35,039 [INFO] ▶️  Abrindo: https://rumble.com/v76kuc2-karaok-hugo-and-guilherme-carrefour-ao-vivo.html?e9s=src_v1_cbl%2Csrc_v1_ucp_a
2026-03-03 18:22:35,046 [ERROR] ❌ Erro no vídeo: Message: invalid session id; For documentation on this error, please visit: https://www.selenium.dev/documentation/webdriver/troubleshooting/errors#invalidsessionidexception
Stacktrace:
Symbols not available. Dumping unresolved backtrace:
	0xbb7dd3
	0xbb7e14
	0x9c1bee
	0x9ff2d5
	0xa2e8f6
	0xa2a491
	0xa29ab2
	0x99500e
	0x9955ae
	0x995a8d
	0xe16924
	0xe11bf7
	0xe2f5a0
	0xbd0f58
	0xbd891d
	0x994c69
	0x9942b0
	0xf7876f
	0x75305d49
	0x7775d83b
	0x7775d7c1

2026-03-03 18:22:35,048 [INFO] 🏁 Automação encerrada. O Chrome continuará aberto.
2026-03-03 18:22:49,822 [INFO] Feche todas as outras janelas do Chrome antes de rodar este script, se possível.
2026-03-03 18:22:49,822 [INFO] 🧹 Fechando processos abertos do Chrome para liberar portas...
2026-03-03 18:22:52,037 [INFO] 🌐 Iniciando o Chrome de Automação Isolado...
2026-03-03 18:22:52,068 [INFO] ⏳ Aguardando o Chrome iniciar a porta (10s)...
2026-03-03 18:23:02,070 [INFO] ====== WebDriver manager ======
2026-03-03 18:23:04,534 [INFO] Get LATEST chromedriver version for google-chrome
2026-03-03 18:23:05,951 [INFO] Get LATEST chromedriver version for google-chrome
2026-03-03 18:23:07,285 [INFO] Driver [C:\Users\joaqu\.wdm\drivers\chromedriver\win64\145.0.7632.117\chromedriver-win32/chromedriver.exe] found in cache
2026-03-03 18:23:07,848 [INFO] 🎬 Processando 2 vídeos listados no config...
2026-03-03 18:23:07,848 [INFO] 
============================================================
2026-03-03 18:23:07,848 [INFO] 📹 Vídeo 1/2: https://rumble.com/v76kvjs-karaok-hugo-and-guilherme-ai-meu-deus-ao-vivo.html
2026-03-03 18:23:07,848 [INFO] ▶️  Abrindo: https://rumble.com/v76kvjs-karaok-hugo-and-guilherme-ai-meu-deus-ao-vivo.html
2026-03-03 18:23:16,867 [INFO] ✅ Cloudflare superado.
2026-03-03 18:23:25,391 [INFO] ⏱  Assistindo 37s (duração total: 169s)...
2026-03-03 18:25:32,093 [INFO] Feche todas as outras janelas do Chrome antes de rodar este script, se possível.
2026-03-03 18:25:32,095 [INFO] 🧹 Fechando processos abertos do Chrome para liberar portas...
2026-03-03 18:25:34,405 [INFO] 🌐 Iniciando o Chrome de Automação Isolado...
2026-03-03 18:25:34,432 [INFO] ⏳ Aguardando o Chrome iniciar a porta (10s)...
2026-03-03 18:25:44,434 [INFO] ====== WebDriver manager ======
2026-03-03 18:25:46,483 [INFO] Get LATEST chromedriver version for google-chrome
2026-03-03 18:25:47,586 [INFO] Get LATEST chromedriver version for google-chrome
2026-03-03 18:25:48,752 [INFO] Driver [C:\Users\joaqu\.wdm\drivers\chromedriver\win64\145.0.7632.117\chromedriver-win32/chromedriver.exe] found in cache
2026-03-03 18:25:49,360 [INFO] 🎬 Processando 2 vídeos listados no config...
2026-03-03 18:25:49,362 [INFO] 
============================================================
2026-03-03 18:25:49,362 [INFO] 📹 Vídeo 1/2: https://rumble.com/v76kvjs-karaok-hugo-and-guilherme-ai-meu-deus-ao-vivo.html
2026-03-03 18:25:49,363 [INFO] ▶️  Abrindo: https://rumble.com/v76kvjs-karaok-hugo-and-guilherme-ai-meu-deus-ao-vivo.html
2026-03-03 18:26:00,770 [INFO] ⏱  Assistindo 78s (duração total: 169s)...
2026-03-03 18:27:18,939 [INFO] ✅ Visualização concluída.
2026-03-03 18:27:51,923 [WARNING] ⚠️  Botão ou estado de like não encontrado (talvez já tenha dado like).
2026-03-03 18:28:52,960 [WARNING] ⚠️  Campo de comentário não encontrado (você precisa estar logado).
2026-03-03 18:28:52,961 [INFO] ⏸  Aguardando 20s até o próximo...
2026-03-03 18:29:12,699 [INFO] 
============================================================
2026-03-03 18:29:12,702 [INFO] 📹 Vídeo 2/2: https://rumble.com/v76kuc2-karaok-hugo-and-guilherme-carrefour-ao-vivo.html?e9s=src_v1_cbl%2Csrc_v1_ucp_a
2026-03-03 18:29:12,705 [INFO] ▶️  Abrindo: https://rumble.com/v76kuc2-karaok-hugo-and-guilherme-carrefour-ao-vivo.html?e9s=src_v1_cbl%2Csrc_v1_ucp_a
2026-03-03 18:29:24,197 [ERROR] ❌ Erro no vídeo: Message: stale element reference: stale element not found
  (Session info: chrome=145.0.7632.117); For documentation on this error, please visit: https://www.selenium.dev/documentation/webdriver/troubleshooting/errors#staleelementreferenceexception
Stacktrace:
Symbols not available. Dumping unresolved backtrace:
	0xbb7dd3
	0xbb7e14
	0x9c1db0
	0x9d3cc2
	0x9d2d8c
	0x9c9339
	0x9c7752
	0x9cacbf
	0x9cad58
	0xa0ded2
	0xa01e0f
	0xa2ea3c
	0xa018c4
	0xa2ec04
	0xa4b621
	0xa2e7d6
	0xa00049
	0xa00e04
	0xe16924
	0xe11bf7
	0xe2f5a0
	0xbd0f58
	0xbd891d
	0xbc0648
	0xbc0812
	0xbaa21a
	0x75305d49
	0x7775d83b
	0x7775d7c1

2026-03-03 18:29:24,198 [INFO] 🏁 Automação encerrada. O Chrome continuará aberto.
2026-03-03 18:34:11,056 [INFO] Feche todas as outras janelas do Chrome antes de rodar este script, se possível.
2026-03-03 18:34:11,057 [INFO] 🧹 Fechando processos abertos do Chrome para liberar portas...
2026-03-03 18:34:13,422 [INFO] 🌐 Iniciando o Chrome de Automação Isolado...
2026-03-03 18:34:13,459 [INFO] ⏳ Aguardando o Chrome iniciar a porta (10s)...
2026-03-03 18:34:23,461 [INFO] ====== WebDriver manager ======
2026-03-03 18:34:25,579 [INFO] Get LATEST chromedriver version for google-chrome
2026-03-03 18:34:26,695 [INFO] Get LATEST chromedriver version for google-chrome
2026-03-03 18:34:27,780 [INFO] Driver [C:\Users\joaqu\.wdm\drivers\chromedriver\win64\145.0.7632.117\chromedriver-win32/chromedriver.exe] found in cache
2026-03-03 18:34:28,410 [INFO] 🎬 Processando 2 vídeos listados no config...
2026-03-03 18:34:28,411 [INFO] 
============================================================
2026-03-03 18:34:28,411 [INFO] 📹 Vídeo 1/2: https://rumble.com/v76kvjs-karaok-hugo-and-guilherme-ai-meu-deus-ao-vivo.html
2026-03-03 18:34:28,411 [INFO] ▶️  Abrindo: https://rumble.com/v76kvjs-karaok-hugo-and-guilherme-ai-meu-deus-ao-vivo.html
2026-03-03 18:34:39,198 [INFO] ⏱  Assistindo 59s (duração total: 169s)...
2026-03-03 18:35:39,074 [INFO] ✅ Visualização concluída.
2026-03-03 18:36:12,418 [WARNING] ⚠️  Botão ou estado de like não encontrado (talvez já tenha dado like).
2026-03-03 18:37:06,429 [ERROR] ❌ Erro no vídeo: Message: unknown error: ChromeDriver only supports characters in the BMP
  (Session info: chrome=145.0.7632.117)
Stacktrace:
Symbols not available. Dumping unresolved backtrace:
	0xbb7dd3
	0xbb7e14
	0x9c1db0
	0xa45ab5
	0xa06dbb
	0xa0547b
	0xa2ea3c
	0xa018c4
	0xa2ec04
	0xa4b621
	0xa2e7d6
	0xa00049
	0xa00e04
	0xe16924
	0xe11bf7
	0xe2f5a0
	0xbd0f58
	0xbd891d
	0xbc0648
	0xbc0812
	0xbaa21a
	0x75305d49
	0x7775d83b
	0x7775d7c1

2026-03-03 18:37:06,429 [INFO] ⏸  Aguardando 11s até o próximo...
2026-03-03 18:37:17,338 [INFO] 
============================================================
2026-03-03 18:37:17,338 [INFO] 📹 Vídeo 2/2: https://rumble.com/v76kuc2-karaok-hugo-and-guilherme-carrefour-ao-vivo.html?e9s=src_v1_cbl%2Csrc_v1_ucp_a
2026-03-03 18:37:17,338 [INFO] ▶️  Abrindo: https://rumble.com/v76kuc2-karaok-hugo-and-guilherme-carrefour-ao-vivo.html?e9s=src_v1_cbl%2Csrc_v1_ucp_a
2026-03-03 18:39:10,656 [INFO] Feche todas as outras janelas do Chrome antes de rodar este script, se possível.
2026-03-03 18:39:10,659 [INFO] 🧹 Fechando processos abertos do Chrome para liberar portas...
2026-03-03 18:39:12,982 [INFO] 🌐 Iniciando o Chrome de Automação Isolado...
2026-03-03 18:39:13,013 [INFO] ⏳ Aguardando o Chrome iniciar a porta (10s)...
2026-03-03 18:39:23,017 [INFO] ====== WebDriver manager ======
2026-03-03 18:39:25,113 [INFO] Get LATEST chromedriver version for google-chrome
2026-03-03 18:39:26,466 [INFO] Get LATEST chromedriver version for google-chrome
2026-03-03 18:39:27,948 [INFO] Driver [C:\Users\joaqu\.wdm\drivers\chromedriver\win64\145.0.7632.117\chromedriver-win32/chromedriver.exe] found in cache
2026-03-03 18:39:28,584 [INFO] 🎬 Processando 2 vídeos listados no config...
2026-03-03 18:39:28,584 [INFO] 
============================================================
2026-03-03 18:39:28,593 [INFO] 📹 Vídeo 1/2: https://rumble.com/v76kvjs-karaok-hugo-and-guilherme-ai-meu-deus-ao-vivo.html
2026-03-03 18:39:28,593 [INFO] ▶️  Abrindo: https://rumble.com/v76kvjs-karaok-hugo-and-guilherme-ai-meu-deus-ao-vivo.html
2026-03-03 18:39:39,671 [INFO] ⏱  Assistindo 35s (duração total: 169s)...
2026-03-03 18:40:14,712 [INFO] ✅ Visualização concluída.
2026-03-03 18:40:20,804 [WARNING] ⚠️  Botão de like não encontrado (o Rumble mudou o layout ou você não está logado).
2026-03-03 18:40:42,214 [ERROR] ❌ Erro no vídeo: Message: unknown error: ChromeDriver only supports characters in the BMP
  (Session info: chrome=145.0.7632.117)
Stacktrace:
Symbols not available. Dumping unresolved backtrace:
	0xbb7dd3
	0xbb7e14
	0x9c1db0
	0xa45ab5
	0xa06dbb
	0xa0547b
	0xa2ea3c
	0xa018c4
	0xa2ec04
	0xa4b621
	0xa2e7d6
	0xa00049
	0xa00e04
	0xe16924
	0xe11bf7
	0xe2f5a0
	0xbd0f58
	0xbd891d
	0xbc0648
	0xbc0812
	0xbaa21a
	0x75305d49
	0x7775d83b
	0x7775d7c1

2026-03-03 18:40:42,216 [INFO] ⏸  Aguardando 18s até o próximo...
2026-03-03 18:40:59,903 [INFO] 
============================================================
2026-03-03 18:40:59,903 [INFO] 📹 Vídeo 2/2: https://rumble.com/v76kuc2-karaok-hugo-and-guilherme-carrefour-ao-vivo.html?e9s=src_v1_cbl%2Csrc_v1_ucp_a
2026-03-03 18:40:59,904 [INFO] ▶️  Abrindo: https://rumble.com/v76kuc2-karaok-hugo-and-guilherme-carrefour-ao-vivo.html?e9s=src_v1_cbl%2Csrc_v1_ucp_a
2026-03-03 18:41:10,455 [INFO] ⏱  Assistindo 122s (duração total: 210s)...
2026-03-03 18:42:49,195 [INFO] Feche todas as outras janelas do Chrome antes de rodar este script, se possível.
2026-03-03 18:42:49,202 [INFO] 🧹 Fechando processos abertos do Chrome para liberar portas...
2026-03-03 18:42:51,846 [INFO] 🌐 Iniciando o Chrome de Automação Isolado...
2026-03-03 18:42:51,856 [INFO] ⏳ Aguardando o Chrome iniciar a porta (10s)...
2026-03-03 18:42:53,477 [ERROR] ❌ Erro no vídeo: Message: invalid session id: session deleted as the browser has closed the connection
from disconnected: not connected to DevTools
  (Session info: chrome=145.0.7632.117); For documentation on this error, please visit: https://www.selenium.dev/documentation/webdriver/troubleshooting/errors#invalidsessionidexception
Stacktrace:
Symbols not available. Dumping unresolved backtrace:
	0xbb7dd3
	0xbb7e14
	0x9c1db0
	0x9b0d4e
	0x9cf895
	0xa352ec
	0xa4b0d9
	0xa2e7d6
	0xa00049
	0xa00e04
	0xe16924
	0xe11bf7
	0xe2f5a0
	0xbd0f58
	0xbd891d
	0xbc0648
	0xbc0812
	0xbaa21a
	0x75305d49
	0x7775d83b
	0x7775d7c1

2026-03-03 18:42:53,481 [INFO] 🏁 Automação encerrada. O Chrome continuará aberto.
2026-03-03 18:43:01,858 [INFO] ====== WebDriver manager ======
2026-03-03 18:43:04,626 [INFO] Get LATEST chromedriver version for google-chrome
2026-03-03 18:43:06,307 [INFO] Get LATEST chromedriver version for google-chrome
2026-03-03 18:43:07,640 [INFO] Driver [C:\Users\joaqu\.wdm\drivers\chromedriver\win64\145.0.7632.117\chromedriver-win32/chromedriver.exe] found in cache
2026-03-03 18:43:08,222 [INFO] 🎬 Processando 2 vídeos listados no config...
2026-03-03 18:43:08,224 [INFO] 
============================================================
2026-03-03 18:43:08,225 [INFO] 📹 Vídeo 1/2: https://rumble.com/v76kvjs-karaok-hugo-and-guilherme-ai-meu-deus-ao-vivo.html
2026-03-03 18:43:08,226 [INFO] ▶️  Abrindo: https://rumble.com/v76kvjs-karaok-hugo-and-guilherme-ai-meu-deus-ao-vivo.html
2026-03-03 18:43:19,813 [INFO] ⏱  Assistindo 68s (duração total: 120s)...
2026-03-03 18:43:38,287 [INFO] Feche todas as outras janelas do Chrome antes de rodar este script, se possível.
2026-03-03 18:43:38,287 [INFO] 🧹 Fechando processos abertos do Chrome para liberar portas...
2026-03-03 18:43:40,491 [INFO] 🌐 Iniciando o Chrome de Automação Isolado...
2026-03-03 18:43:40,516 [INFO] ⏳ Aguardando o Chrome iniciar a porta (10s)...
2026-03-03 18:43:46,583 [ERROR] ❌ Erro no vídeo: Message: invalid session id: session deleted as the browser has closed the connection
from disconnected: not connected to DevTools
  (Session info: chrome=145.0.7632.117); For documentation on this error, please visit: https://www.selenium.dev/documentation/webdriver/troubleshooting/errors#invalidsessionidexception
Stacktrace:
Symbols not available. Dumping unresolved backtrace:
	0xbb7dd3
	0xbb7e14
	0x9c1db0
	0x9b0d4e
	0x9cf895
	0xa352ec
	0xa4b0d9
	0xa2e7d6
	0xa00049
	0xa00e04
	0xe16924
	0xe11bf7
	0xe2f5a0
	0xbd0f58
	0xbd891d
	0xbc0648
	0xbc0812
	0xbaa21a
	0x75305d49
	0x7775d83b
	0x7775d7c1

2026-03-03 18:43:46,584 [INFO] ⏸  Aguardando 20s até o próximo...
2026-03-03 18:43:50,523 [INFO] ====== WebDriver manager ======
2026-03-03 18:43:52,716 [INFO] Get LATEST chromedriver version for google-chrome
2026-03-03 18:43:54,243 [INFO] Get LATEST chromedriver version for google-chrome
2026-03-03 18:43:55,709 [INFO] Driver [C:\Users\joaqu\.wdm\drivers\chromedriver\win64\145.0.7632.117\chromedriver-win32/chromedriver.exe] found in cache
2026-03-03 18:43:56,281 [INFO] 🎬 Processando 2 vídeos listados no config...
2026-03-03 18:43:56,281 [INFO] 
============================================================
2026-03-03 18:43:56,281 [INFO] 📹 Vídeo 1/2: https://rumble.com/v76kvjs-karaok-hugo-and-guilherme-ai-meu-deus-ao-vivo.html
2026-03-03 18:43:56,281 [INFO] ▶️  Abrindo: https://rumble.com/v76kvjs-karaok-hugo-and-guilherme-ai-meu-deus-ao-vivo.html
2026-03-03 18:44:06,459 [INFO] 
============================================================
2026-03-03 18:44:06,468 [INFO] 📹 Vídeo 2/2: https://rumble.com/v76kuc2-karaok-hugo-and-guilherme-carrefour-ao-vivo.html?e9s=src_v1_cbl%2Csrc_v1_ucp_a
2026-03-03 18:44:06,478 [INFO] ▶️  Abrindo: https://rumble.com/v76kuc2-karaok-hugo-and-guilherme-carrefour-ao-vivo.html?e9s=src_v1_cbl%2Csrc_v1_ucp_a
2026-03-03 18:44:06,483 [ERROR] ❌ Erro no vídeo: Message: invalid session id; For documentation on this error, please visit: https://www.selenium.dev/documentation/webdriver/troubleshooting/errors#invalidsessionidexception
Stacktrace:
Symbols not available. Dumping unresolved backtrace:
	0xbb7dd3
	0xbb7e14
	0x9c1bee
	0x9ff2d5
	0xa2e8f6
	0xa2a491
	0xa29ab2
	0x99500e
	0x9955ae
	0x995a8d
	0xe16924
	0xe11bf7
	0xe2f5a0
	0xbd0f58
	0xbd891d
	0x994c69
	0x9942b0
	0xf7876f
	0x75305d49
	0x7775d83b
	0x7775d7c1

2026-03-03 18:44:06,485 [INFO] 🏁 Automação encerrada. O Chrome continuará aberto.
2026-03-03 18:44:07,946 [INFO] ⏱  Assistindo 64s (duração total: 169s)...
2026-03-03 18:45:12,069 [INFO] ✅ Visualização concluída.
2026-03-03 18:45:16,227 [INFO] 👍 Like dado via injeção JavaScript (Novo Layout)!
2026-03-03 18:45:36,699 [INFO] 💬 Comentário enviado via botão JS: "Incrível! Aprendi bastante com esse vídeo. Abraço! r"
2026-03-03 18:45:36,700 [INFO] ⏸  Aguardando 14s até o próximo...
2026-03-03 18:45:50,318 [INFO] 
============================================================
2026-03-03 18:45:50,318 [INFO] 📹 Vídeo 2/2: https://rumble.com/v76kuc2-karaok-hugo-and-guilherme-carrefour-ao-vivo.html?e9s=src_v1_cbl%2Csrc_v1_ucp_a
2026-03-03 18:45:50,319 [INFO] ▶️  Abrindo: https://rumble.com/v76kuc2-karaok-hugo-and-guilherme-carrefour-ao-vivo.html?e9s=src_v1_cbl%2Csrc_v1_ucp_a
2026-03-03 18:46:00,878 [INFO] ⏱  Assistindo 77s (duração total: 210s)...
2026-03-03 18:47:28,966 [INFO] Feche todas as outras janelas do Chrome antes de rodar este script, se possível.
2026-03-03 18:47:28,967 [INFO] 🧹 Fechando processos abertos do Chrome para liberar portas...
2026-03-03 18:47:31,435 [INFO] 🌐 Iniciando o Chrome de Automação Isolado...
2026-03-03 18:47:31,473 [INFO] ⏳ Aguardando o Chrome iniciar a porta (10s)...
2026-03-03 18:47:41,476 [INFO] ====== WebDriver manager ======
2026-03-03 18:47:44,003 [INFO] Get LATEST chromedriver version for google-chrome
2026-03-03 18:47:45,488 [INFO] Get LATEST chromedriver version for google-chrome
2026-03-03 18:47:46,681 [INFO] Driver [C:\Users\joaqu\.wdm\drivers\chromedriver\win64\145.0.7632.117\chromedriver-win32/chromedriver.exe] found in cache
2026-03-03 18:47:47,265 [INFO] 🎬 Processando 2 vídeos listados no config...
2026-03-03 18:47:47,267 [INFO] 
============================================================
2026-03-03 18:47:47,267 [INFO] 📹 Vídeo 1/2: https://rumble.com/v76kvjs-karaok-hugo-and-guilherme-ai-meu-deus-ao-vivo.html
2026-03-03 18:47:47,271 [INFO] ▶️  Abrindo: https://rumble.com/v76kvjs-karaok-hugo-and-guilherme-ai-meu-deus-ao-vivo.html
2026-03-03 18:47:58,693 [INFO] ⏱  Assistindo 148s (duração total: 169s)...
2026-03-03 18:50:26,927 [INFO] ✅ Visualização concluída.
2026-03-03 18:50:33,186 [INFO] 👍 Like dado via injeção JavaScript (Novo Layout)!
2026-03-03 18:50:55,293 [ERROR] ❌ Erro no vídeo: Message: unknown error: ChromeDriver only supports characters in the BMP
  (Session info: chrome=145.0.7632.117)
Stacktrace:
Symbols not available. Dumping unresolved backtrace:
	0xbb7dd3
	0xbb7e14
	0x9c1db0
	0xa45ab5
	0xa06dbb
	0xa0547b
	0xa2ea3c
	0xa018c4
	0xa2ec04
	0xa4b621
	0xa2e7d6
	0xa00049
	0xa00e04
	0xe16924
	0xe11bf7
	0xe2f5a0
	0xbd0f58
	0xbd891d
	0xbc0648
	0xbc0812
	0xbaa21a
	0x75305d49
	0x7775d83b
	0x7775d7c1

2026-03-03 18:50:55,293 [INFO] ⏸  Aguardando 18s até o próximo...
2026-03-03 18:51:13,370 [INFO] 
============================================================
2026-03-03 18:51:13,371 [INFO] 📹 Vídeo 2/2: https://rumble.com/v76kuc2-karaok-hugo-and-guilherme-carrefour-ao-vivo.html?e9s=src_v1_cbl%2Csrc_v1_ucp_a
2026-03-03 18:51:13,371 [INFO] ▶️  Abrindo: https://rumble.com/v76kuc2-karaok-hugo-and-guilherme-carrefour-ao-vivo.html?e9s=src_v1_cbl%2Csrc_v1_ucp_a
2026-03-03 18:51:24,283 [INFO] ⏱  Assistindo 155s (duração total: 210s)...
2026-03-03 18:53:59,554 [INFO] ✅ Visualização concluída.
2026-03-03 18:54:05,718 [INFO] 👍 Like dado via injeção JavaScript (Novo Layout)!
2026-03-03 18:54:28,762 [ERROR] ❌ Erro no vídeo: Message: unknown error: ChromeDriver only supports characters in the BMP
  (Session info: chrome=145.0.7632.117)
Stacktrace:
Symbols not available. Dumping unresolved backtrace:
	0xbb7dd3
	0xbb7e14
	0x9c1db0
	0xa45ab5
	0xa06dbb
	0xa0547b
	0xa2ea3c
	0xa018c4
	0xa2ec04
	0xa4b621
	0xa2e7d6
	0xa00049
	0xa00e04
	0xe16924
	0xe11bf7
	0xe2f5a0
	0xbd0f58
	0xbd891d
	0xbc0648
	0xbc0812
	0xbaa21a
	0x75305d49
	0x7775d83b
	0x7775d7c1

2026-03-03 18:54:28,762 [INFO] 🏁 Automação encerrada. O Chrome continuará aberto.
2026-03-03 19:01:42,195 [INFO] Feche todas as outras janelas do Chrome antes de rodar este script, se possível.
2026-03-03 19:01:42,195 [INFO] 🧹 Fechando processos abertos do Chrome para liberar portas...
2026-03-03 19:01:44,534 [INFO] 🌐 Iniciando o Chrome de Automação Isolado...
2026-03-03 19:01:44,544 [INFO] ⏳ Aguardando o Chrome iniciar a porta (10s)...
2026-03-03 19:01:54,547 [INFO] ====== WebDriver manager ======
2026-03-03 19:01:57,721 [INFO] Get LATEST chromedriver version for google-chrome
2026-03-03 19:01:58,954 [INFO] Get LATEST chromedriver version for google-chrome
2026-03-03 19:02:00,370 [INFO] Driver [C:\Users\joaqu\.wdm\drivers\chromedriver\win64\145.0.7632.117\chromedriver-win32/chromedriver.exe] found in cache
2026-03-03 19:02:00,943 [INFO] 🎬 Processando 5 vídeos listados no config...
2026-03-03 19:02:00,945 [INFO] 
============================================================
2026-03-03 19:02:00,945 [INFO] 📹 Vídeo 1/5: https://rumble.com/v76kvjs-karaok-hugo-and-guilherme-ai-meu-deus-ao-vivo.html
2026-03-03 19:02:00,945 [INFO] ▶️  Abrindo: https://rumble.com/v76kvjs-karaok-hugo-and-guilherme-ai-meu-deus-ao-vivo.html
2026-03-03 19:02:11,997 [INFO] ⏱  Assistindo 65s (duração total: 169s)...
2026-03-03 19:03:17,074 [INFO] ✅ Visualização concluída.
2026-03-03 19:03:24,857 [INFO] 👍 Like dado via injeção JavaScript (Novo Layout)!
2026-03-03 19:03:27,601 [INFO] 👤 Canal Seguido com sucesso!
2026-03-03 19:03:47,171 [ERROR] ❌ Erro no vídeo: Message: unknown error: ChromeDriver only supports characters in the BMP
  (Session info: chrome=145.0.7632.117)
Stacktrace:
Symbols not available. Dumping unresolved backtrace:
	0xbb7dd3
	0xbb7e14
	0x9c1db0
	0xa45ab5
	0xa06dbb
	0xa0547b
	0xa2ea3c
	0xa018c4
	0xa2ec04
	0xa4b621
	0xa2e7d6
	0xa00049
	0xa00e04
	0xe16924
	0xe11bf7
	0xe2f5a0
	0xbd0f58
	0xbd891d
	0xbc0648
	0xbc0812
	0xbaa21a
	0x75305d49
	0x7775d83b
	0x7775d7c1

2026-03-03 19:03:47,171 [INFO] ⏸  Aguardando 30s até o próximo...
2026-03-03 19:04:16,927 [INFO] 
============================================================
2026-03-03 19:04:16,928 [INFO] 📹 Vídeo 2/5: https://rumble.com/v76kuc2-karaok-hugo-and-guilherme-carrefour-ao-vivo.html?e9s=src_v1_cbl%2Csrc_v1_ucp_a
2026-03-03 19:04:16,928 [INFO] ▶️  Abrindo: https://rumble.com/v76kuc2-karaok-hugo-and-guilherme-carrefour-ao-vivo.html?e9s=src_v1_cbl%2Csrc_v1_ucp_a
2026-03-03 19:04:28,110 [INFO] ⏱  Assistindo 185s (duração total: 210s)...
2026-03-03 19:07:33,417 [INFO] ✅ Visualização concluída.
2026-03-03 19:07:38,648 [INFO] 👍 Like dado via injeção JavaScript (Novo Layout)!
2026-03-03 19:07:41,604 [INFO] 👤 Canal possivelmente já seguido (ou botão não encontrado).
2026-03-03 19:07:50,981 [WARNING] ⚠️  Campo de comentário não encontrado (você precisa estar logado).
2026-03-03 19:07:50,981 [INFO] ⏸  Aguardando 25s até o próximo...
2026-03-03 19:08:15,769 [INFO] 
============================================================
2026-03-03 19:08:15,769 [INFO] 📹 Vídeo 3/5: https://rumble.com/v76hqai-karaok-algum-me-chama-pra-beber-ao-vivo.html
2026-03-03 19:08:15,769 [INFO] ▶️  Abrindo: https://rumble.com/v76hqai-karaok-algum-me-chama-pra-beber-ao-vivo.html
2026-03-03 19:08:30,473 [INFO] ⏱  Assistindo 191s (duração total: 238s)...
2026-03-03 19:10:32,402 [INFO] Feche todas as outras janelas do Chrome antes de rodar este script, se possível.
2026-03-03 19:10:32,403 [INFO] 🧹 Fechando processos abertos do Chrome para liberar portas...
2026-03-03 19:10:34,964 [INFO] 🌐 Iniciando o Chrome de Automação Isolado...
2026-03-03 19:10:34,991 [INFO] ⏳ Aguardando o Chrome iniciar a porta (10s)...
2026-03-03 19:10:44,995 [INFO] ====== WebDriver manager ======
2026-03-03 19:10:47,387 [INFO] Get LATEST chromedriver version for google-chrome
2026-03-03 19:10:49,136 [INFO] Get LATEST chromedriver version for google-chrome
2026-03-03 19:10:50,389 [INFO] Driver [C:\Users\joaqu\.wdm\drivers\chromedriver\win64\145.0.7632.117\chromedriver-win32/chromedriver.exe] found in cache
2026-03-03 19:10:51,024 [INFO] 🎬 Processando 5 vídeos listados no config...
2026-03-03 19:10:51,027 [INFO] 
============================================================
2026-03-03 19:10:51,033 [INFO] 📹 Vídeo 1/5: https://rumble.com/v76kvjs-karaok-hugo-and-guilherme-ai-meu-deus-ao-vivo.html
2026-03-03 19:10:51,033 [INFO] ▶️  Abrindo: https://rumble.com/v76kvjs-karaok-hugo-and-guilherme-ai-meu-deus-ao-vivo.html
2026-03-03 19:11:03,085 [INFO] ⏱  Assistindo 10s para liberar os botões...
2026-03-03 19:11:13,144 [INFO] ✅ Visualização mínima concluída.
2026-03-03 19:11:14,711 [INFO] 👍 Like dado via injeção JavaScript (Novo Layout)!
2026-03-03 19:11:16,378 [INFO] 👤 Canal possivelmente já seguido (ou botão não encontrado).
2026-03-03 19:11:30,823 [INFO] 💬 Comentário enviado via botão JS: "Excelente trabalho, parabéns!!"
2026-03-03 19:11:30,825 [INFO] ⏸  Aguardando 7s até o próximo...
2026-03-03 19:11:37,784 [INFO] 
============================================================
2026-03-03 19:11:37,784 [INFO] 📹 Vídeo 2/5: https://rumble.com/v76kuc2-karaok-hugo-and-guilherme-carrefour-ao-vivo.html?e9s=src_v1_cbl%2Csrc_v1_ucp_a
2026-03-03 19:11:37,784 [INFO] ▶️  Abrindo: https://rumble.com/v76kuc2-karaok-hugo-and-guilherme-carrefour-ao-vivo.html?e9s=src_v1_cbl%2Csrc_v1_ucp_a
2026-03-03 19:11:48,038 [INFO] ⏱  Assistindo 10s para liberar os botões...
2026-03-03 19:11:58,092 [INFO] ✅ Visualização mínima concluída.
2026-03-03 19:11:59,530 [INFO] 👍 Like dado via injeção JavaScript (Novo Layout)!
2026-03-03 19:12:00,684 [INFO] 👤 Canal possivelmente já seguido (ou botão não encontrado).
2026-03-03 19:12:09,555 [ERROR] ❌ Erro no vídeo: Message: unknown error: ChromeDriver only supports characters in the BMP
  (Session info: chrome=145.0.7632.117)
Stacktrace:
Symbols not available. Dumping unresolved backtrace:
	0xbb7dd3
	0xbb7e14
	0x9c1db0
	0xa45ab5
	0xa06dbb
	0xa0547b
	0xa2ea3c
	0xa018c4
	0xa2ec04
	0xa4b621
	0xa2e7d6
	0xa00049
	0xa00e04
	0xe16924
	0xe11bf7
	0xe2f5a0
	0xbd0f58
	0xbd891d
	0xbc0648
	0xbc0812
	0xbaa21a
	0x75305d49
	0x7775d83b
	0x7775d7c1

2026-03-03 19:12:09,556 [INFO] ⏸  Aguardando 6s até o próximo...
2026-03-03 19:12:15,926 [INFO] 
============================================================
2026-03-03 19:12:15,926 [INFO] 📹 Vídeo 3/5: https://rumble.com/v76hqai-karaok-algum-me-chama-pra-beber-ao-vivo.html
2026-03-03 19:12:15,926 [INFO] ▶️  Abrindo: https://rumble.com/v76hqai-karaok-algum-me-chama-pra-beber-ao-vivo.html
2026-03-03 19:12:26,968 [INFO] ⏱  Assistindo 10s para liberar os botões...
2026-03-03 19:12:37,042 [INFO] ✅ Visualização mínima concluída.
2026-03-03 19:12:38,183 [INFO] 👍 Like dado via injeção JavaScript (Novo Layout)!
2026-03-03 19:12:39,516 [INFO] 👤 Canal possivelmente já seguido (ou botão não encontrado).
2026-03-03 19:12:57,313 [INFO] 💬 Comentário enviado via botão JS: "Incrível! Aprendi bastante com esse vídeo. ww"
2026-03-03 19:12:57,314 [INFO] ⏸  Aguardando 3s até o próximo...
2026-03-03 19:13:00,352 [INFO] 
============================================================
2026-03-03 19:13:00,352 [INFO] 📹 Vídeo 4/5: https://rumble.com/v76hp2q-karaok-ai-meu-deus-ao-vivo.html
2026-03-03 19:13:00,355 [INFO] ▶️  Abrindo: https://rumble.com/v76hp2q-karaok-ai-meu-deus-ao-vivo.html
2026-03-03 19:13:11,631 [INFO] ⏱  Assistindo 10s para liberar os botões...
2026-03-03 19:13:21,689 [INFO] ✅ Visualização mínima concluída.
2026-03-03 19:13:23,338 [INFO] 👍 Like dado via injeção JavaScript (Novo Layout)!
2026-03-03 19:13:24,483 [INFO] 👤 Canal possivelmente já seguido (ou botão não encontrado).
2026-03-03 19:13:40,078 [ERROR] ❌ Erro no vídeo: Message: unknown error: ChromeDriver only supports characters in the BMP
  (Session info: chrome=145.0.7632.117)
Stacktrace:
Symbols not available. Dumping unresolved backtrace:
	0xbb7dd3
	0xbb7e14
	0x9c1db0
	0xa45ab5
	0xa06dbb
	0xa0547b
	0xa2ea3c
	0xa018c4
	0xa2ec04
	0xa4b621
	0xa2e7d6
	0xa00049
	0xa00e04
	0xe16924
	0xe11bf7
	0xe2f5a0
	0xbd0f58
	0xbd891d
	0xbc0648
	0xbc0812
	0xbaa21a
	0x75305d49
	0x7775d83b
	0x7775d7c1

2026-03-03 19:13:40,078 [INFO] ⏸  Aguardando 8s até o próximo...
2026-03-03 19:13:47,735 [INFO] 
============================================================
2026-03-03 19:13:47,736 [INFO] 📹 Vídeo 5/5: https://rumble.com/v76hn7u-karaok-a-ltima-por-hugo-and-guilherme.html
2026-03-03 19:13:47,736 [INFO] ▶️  Abrindo: https://rumble.com/v76hn7u-karaok-a-ltima-por-hugo-and-guilherme.html
2026-03-03 19:13:59,243 [INFO] ⏱  Assistindo 10s para liberar os botões...
2026-03-03 19:14:09,292 [INFO] ✅ Visualização mínima concluída.
2026-03-03 19:14:11,157 [INFO] 👍 Like dado via injeção JavaScript (Novo Layout)!
2026-03-03 19:14:12,466 [INFO] 👤 Canal possivelmente já seguido (ou botão não encontrado).
2026-03-03 19:14:29,298 [INFO] 💬 Comentário enviado via botão JS: "Parabéns pelo trabalho, sempre agregando valor. u"
2026-03-03 19:14:29,298 [INFO] 🏁 Automação encerrada. O Chrome continuará aberto.
2026-03-03 19:17:43,446 [INFO] Feche todas as outras janelas do Chrome antes de rodar este script, se possível.
2026-03-03 19:17:43,446 [INFO] 🧹 Fechando processos abertos do Chrome para liberar portas...
2026-03-03 19:17:46,199 [INFO] 🌐 Iniciando o Chrome de Automação Isolado...
2026-03-03 19:17:46,742 [INFO] ⏳ Aguardando o Chrome iniciar a porta (10s)...
2026-03-03 19:17:57,050 [INFO] ====== WebDriver manager ======
2026-03-03 19:18:00,536 [INFO] Get LATEST chromedriver version for google-chrome
2026-03-03 19:18:02,528 [INFO] Get LATEST chromedriver version for google-chrome
2026-03-03 19:18:04,720 [INFO] Driver [C:\Users\joaqu\.wdm\drivers\chromedriver\win64\145.0.7632.117\chromedriver-win32/chromedriver.exe] found in cache
2026-03-03 19:18:06,278 [INFO] 🎬 Processando 5 vídeos listados no config...
2026-03-03 19:18:06,292 [INFO] 
============================================================
2026-03-03 19:18:06,294 [INFO] 📹 Vídeo 1/5: https://rumble.com/v76kvjs-karaok-hugo-and-guilherme-ai-meu-deus-ao-vivo.html
2026-03-03 19:18:06,297 [INFO] ▶️  Abrindo: https://rumble.com/v76kvjs-karaok-hugo-and-guilherme-ai-meu-deus-ao-vivo.html
2026-03-03 19:18:18,707 [INFO] ⏱  Assistindo os primeiros 10s para liberar os botões (duração total: 169s)...
2026-03-03 19:18:28,756 [INFO] ✅ Visualização inicial concluída.
2026-03-03 19:18:30,348 [INFO] 👍 Like dado via injeção JavaScript (Novo Layout)!
2026-03-03 19:18:31,381 [INFO] 👤 Canal possivelmente já seguido (ou botão não encontrado).
2026-03-03 19:18:47,581 [ERROR] ❌ Erro no vídeo: Message: unknown error: ChromeDriver only supports characters in the BMP
  (Session info: chrome=145.0.7632.117)
Stacktrace:
Symbols not available. Dumping unresolved backtrace:
	0xbb7dd3
	0xbb7e14
	0x9c1db0
	0xa45ab5
	0xa06dbb
	0xa0547b
	0xa2ea3c
	0xa018c4
	0xa2ec04
	0xa4b621
	0xa2e7d6
	0xa00049
	0xa00e04
	0xe16924
	0xe11bf7
	0xe2f5a0
	0xbd0f58
	0xbd891d
	0xbc0648
	0xbc0812
	0xbaa21a
	0x75305d49
	0x7775d83b
	0x7775d7c1

2026-03-03 19:18:47,581 [INFO] ⏸  Aguardando 4s até o próximo...
2026-03-03 19:18:51,608 [INFO] 
============================================================
2026-03-03 19:18:51,609 [INFO] 📹 Vídeo 2/5: https://rumble.com/v76kuc2-karaok-hugo-and-guilherme-carrefour-ao-vivo.html?e9s=src_v1_cbl%2Csrc_v1_ucp_a
2026-03-03 19:18:51,612 [INFO] ▶️  Abrindo: https://rumble.com/v76kuc2-karaok-hugo-and-guilherme-carrefour-ao-vivo.html?e9s=src_v1_cbl%2Csrc_v1_ucp_a
2026-03-03 19:19:02,517 [INFO] ⏱  Assistindo os primeiros 10s para liberar os botões (duração total: 210s)...
2026-03-03 19:19:12,586 [INFO] ✅ Visualização inicial concluída.
2026-03-03 19:19:13,732 [INFO] 👍 Like dado via injeção JavaScript (Novo Layout)!
2026-03-03 19:19:15,168 [INFO] 👤 Canal possivelmente já seguido (ou botão não encontrado).
2026-03-03 19:19:27,770 [ERROR] ❌ Erro no vídeo: Message: unknown error: ChromeDriver only supports characters in the BMP
  (Session info: chrome=145.0.7632.117)
Stacktrace:
Symbols not available. Dumping unresolved backtrace:
	0xbb7dd3
	0xbb7e14
	0x9c1db0
	0xa45ab5
	0xa06dbb
	0xa0547b
	0xa2ea3c
	0xa018c4
	0xa2ec04
	0xa4b621
	0xa2e7d6
	0xa00049
	0xa00e04
	0xe16924
	0xe11bf7
	0xe2f5a0
	0xbd0f58
	0xbd891d
	0xbc0648
	0xbc0812
	0xbaa21a
	0x75305d49
	0x7775d83b
	0x7775d7c1

2026-03-03 19:19:27,771 [INFO] ⏸  Aguardando 5s até o próximo...
2026-03-03 19:19:32,907 [INFO] 
============================================================
2026-03-03 19:19:32,907 [INFO] 📹 Vídeo 3/5: https://rumble.com/v76hqai-karaok-algum-me-chama-pra-beber-ao-vivo.html
2026-03-03 19:19:32,907 [INFO] ▶️  Abrindo: https://rumble.com/v76hqai-karaok-algum-me-chama-pra-beber-ao-vivo.html
2026-03-03 19:19:43,346 [INFO] ⏱  Assistindo os primeiros 10s para liberar os botões (duração total: 120s)...
2026-03-03 19:19:53,426 [INFO] ✅ Visualização inicial concluída.
2026-03-03 19:19:54,686 [INFO] 👍 Like dado via injeção JavaScript (Novo Layout)!
2026-03-03 19:19:55,946 [INFO] 👤 Canal possivelmente já seguido (ou botão não encontrado).
2026-03-03 19:20:01,217 [WARNING] ⚠️  Campo de comentário não encontrado (você precisa estar logado).
2026-03-03 19:20:01,217 [INFO] ⏳ Terminando de assistir o restante do vídeo (91s)...
2026-03-03 19:21:33,157 [INFO] ✅ Vídeo finalizado por completo!
2026-03-03 19:21:33,158 [INFO] ⏸  Aguardando 7s até o próximo...
2026-03-03 19:21:40,329 [INFO] 
============================================================
2026-03-03 19:21:40,332 [INFO] 📹 Vídeo 4/5: https://rumble.com/v76hp2q-karaok-ai-meu-deus-ao-vivo.html
2026-03-03 19:21:40,334 [INFO] ▶️  Abrindo: https://rumble.com/v76hp2q-karaok-ai-meu-deus-ao-vivo.html
2026-03-03 19:22:46,445 [INFO] Feche todas as outras janelas do Chrome antes de rodar este script, se possível.
2026-03-03 19:22:46,445 [INFO] 🧹 Fechando processos abertos do Chrome para liberar portas...
2026-03-03 19:22:49,067 [INFO] 🌐 Iniciando o Chrome de Automação Isolado...
2026-03-03 19:22:49,077 [INFO] ⏳ Aguardando o Chrome iniciar a porta (10s)...
2026-03-03 19:22:59,080 [INFO] ====== WebDriver manager ======
2026-03-03 19:23:01,590 [INFO] Get LATEST chromedriver version for google-chrome
2026-03-03 19:23:02,823 [INFO] Get LATEST chromedriver version for google-chrome
2026-03-03 19:23:04,327 [INFO] Driver [C:\Users\joaqu\.wdm\drivers\chromedriver\win64\145.0.7632.117\chromedriver-win32/chromedriver.exe] found in cache
2026-03-03 19:23:04,944 [INFO] 🎬 Processando 5 vídeos listados no config...
2026-03-03 19:23:04,944 [INFO] 
============================================================
2026-03-03 19:23:04,945 [INFO] 📹 Vídeo 1/5: https://rumble.com/v76kvjs-karaok-hugo-and-guilherme-ai-meu-deus-ao-vivo.html
2026-03-03 19:23:04,946 [INFO] ▶️  Abrindo: https://rumble.com/v76kvjs-karaok-hugo-and-guilherme-ai-meu-deus-ao-vivo.html
2026-03-03 19:23:28,087 [INFO] ⏱  Assistindo os primeiros 10s para liberar os botões (duração total: 18726s)...
2026-03-03 19:23:38,159 [INFO] ✅ Visualização inicial concluída.
2026-03-03 19:23:40,132 [INFO] 👍 Like dado via injeção JavaScript (Novo Layout)!
2026-03-03 19:23:41,993 [INFO] 👤 Canal possivelmente já seguido (ou botão não encontrado).
2026-03-03 19:24:00,124 [INFO] 💬 Comentário enviado via botão JS: "Muito bom! Já compartilhei com meus amigos. Valeu!"
2026-03-03 19:24:00,125 [INFO] ⏳ Terminando de assistir o restante do vídeo (18670s)...
2026-03-03 19:28:46,780 [INFO] Feche todas as outras janelas do Chrome antes de rodar este script, se possível.
2026-03-03 19:28:46,780 [INFO] 🧹 Fechando processos abertos do Chrome para liberar portas...
2026-03-03 19:28:49,133 [INFO] 🌐 Iniciando o Chrome de Automação Isolado...
2026-03-03 19:28:49,143 [INFO] ⏳ Aguardando o Chrome iniciar a porta (10s)...
2026-03-03 19:28:59,148 [INFO] ====== WebDriver manager ======
2026-03-03 19:29:02,215 [INFO] Get LATEST chromedriver version for google-chrome
2026-03-03 19:29:03,388 [INFO] Get LATEST chromedriver version for google-chrome
2026-03-03 19:29:04,746 [INFO] Driver [C:\Users\joaqu\.wdm\drivers\chromedriver\win64\145.0.7632.117\chromedriver-win32/chromedriver.exe] found in cache
2026-03-03 19:29:05,366 [INFO] 🎬 Processando 5 vídeos listados no config...
2026-03-03 19:29:05,366 [INFO] 
============================================================
2026-03-03 19:29:05,367 [INFO] 📹 Vídeo 1/5: https://rumble.com/v76kvjs-karaok-hugo-and-guilherme-ai-meu-deus-ao-vivo.html
2026-03-03 19:29:05,367 [INFO] ▶️  Abrindo: https://rumble.com/v76kvjs-karaok-hugo-and-guilherme-ai-meu-deus-ao-vivo.html
2026-03-03 19:29:19,999 [INFO] ⏱  Assistindo os primeiros 10s para liberar os botões (duração total: 169s)...
2026-03-03 19:29:30,120 [INFO] ✅ Visualização inicial concluída.
2026-03-03 19:29:31,909 [INFO] 👍 Like dado via injeção JavaScript (Novo Layout)!
2026-03-03 19:29:33,904 [INFO] 👤 Canal possivelmente já seguido (ou botão não encontrado).
2026-03-03 19:29:38,728 [WARNING] ⚠️  Campo de comentário não encontrado (você precisa estar logado).
2026-03-03 19:29:38,728 [INFO] ⏳ Aguardando o vídeo terminar de tocar...
2026-03-03 19:32:09,975 [INFO] ✅ Vídeo finalizado por completo!
2026-03-03 19:32:09,980 [INFO] ⏸  Aguardando 7s até o próximo...
2026-03-03 19:32:17,270 [INFO] 
============================================================
2026-03-03 19:32:17,270 [INFO] 📹 Vídeo 2/5: https://rumble.com/v76kuc2-karaok-hugo-and-guilherme-carrefour-ao-vivo.html?e9s=src_v1_cbl%2Csrc_v1_ucp_a
2026-03-03 19:32:17,270 [INFO] ▶️  Abrindo: https://rumble.com/v76kuc2-karaok-hugo-and-guilherme-carrefour-ao-vivo.html?e9s=src_v1_cbl%2Csrc_v1_ucp_a
2026-03-03 19:32:28,959 [INFO] ⏱  Assistindo os primeiros 10s para liberar os botões (duração total: 210s)...
2026-03-03 19:32:39,010 [INFO] ✅ Visualização inicial concluída.
2026-03-03 19:32:40,426 [INFO] 👍 Like dado via injeção JavaScript (Novo Layout)!
2026-03-03 19:32:42,281 [INFO] 👤 Canal possivelmente já seguido (ou botão não encontrado).
2026-03-03 19:32:57,045 [ERROR] ❌ Erro no vídeo: Message: unknown error: ChromeDriver only supports characters in the BMP
  (Session info: chrome=145.0.7632.117)
Stacktrace:
Symbols not available. Dumping unresolved backtrace:
	0xbb7dd3
	0xbb7e14
	0x9c1db0
	0xa45ab5
	0xa06dbb
	0xa0547b
	0xa2ea3c
	0xa018c4
	0xa2ec04
	0xa4b621
	0xa2e7d6
	0xa00049
	0xa00e04
	0xe16924
	0xe11bf7
	0xe2f5a0
	0xbd0f58
	0xbd891d
	0xbc0648
	0xbc0812
	0xbaa21a
	0x75305d49
	0x7775d83b
	0x7775d7c1

2026-03-03 19:32:57,045 [INFO] ⏸  Aguardando 5s até o próximo...
2026-03-03 19:33:01,688 [INFO] 
============================================================
2026-03-03 19:33:01,688 [INFO] 📹 Vídeo 3/5: https://rumble.com/v76hqai-karaok-algum-me-chama-pra-beber-ao-vivo.html
2026-03-03 19:33:01,688 [INFO] ▶️  Abrindo: https://rumble.com/v76hqai-karaok-algum-me-chama-pra-beber-ao-vivo.html
2026-03-03 19:33:12,800 [INFO] ⏱  Assistindo os primeiros 10s para liberar os botões (duração total: 238s)...
2026-03-03 19:33:22,854 [INFO] ✅ Visualização inicial concluída.
2026-03-03 19:33:24,478 [INFO] 👍 Like dado via injeção JavaScript (Novo Layout)!
2026-03-03 19:33:26,490 [INFO] 👤 Canal possivelmente já seguido (ou botão não encontrado).
2026-03-03 19:33:44,183 [INFO] 💬 Comentário enviado via botão JS: "Muito bom! Já compartilhei com meus amigos."
2026-03-03 19:33:44,233 [INFO] ⏳ Aguardando o vídeo terminar de tocar...
2026-03-03 19:33:54,396 [INFO] ✅ Vídeo finalizado por completo!
2026-03-03 19:33:54,396 [INFO] ⏸  Aguardando 7s até o próximo...
2026-03-03 19:34:01,533 [INFO] 
============================================================
2026-03-03 19:34:01,534 [INFO] 📹 Vídeo 4/5: https://rumble.com/v76hp2q-karaok-ai-meu-deus-ao-vivo.html
2026-03-03 19:34:01,534 [INFO] ▶️  Abrindo: https://rumble.com/v76hp2q-karaok-ai-meu-deus-ao-vivo.html
2026-03-03 19:34:12,697 [INFO] ⏱  Assistindo os primeiros 10s para liberar os botões (duração total: 169s)...
2026-03-03 19:34:22,801 [INFO] ✅ Visualização inicial concluída.
2026-03-03 19:34:24,275 [INFO] 👍 Like dado via injeção JavaScript (Novo Layout)!
2026-03-03 19:34:25,879 [INFO] 👤 Canal possivelmente já seguido (ou botão não encontrado).
2026-03-03 19:34:43,638 [INFO] 💬 Comentário enviado via botão JS: "Parabéns pelo trabalho, sempre agregando valor. dd"
2026-03-03 19:34:43,638 [INFO] ⏳ Aguardando o vídeo terminar de tocar...
2026-03-03 19:36:29,628 [INFO] ✅ Vídeo finalizado por completo!
2026-03-03 19:36:29,628 [INFO] ⏸  Aguardando 4s até o próximo...
2026-03-03 19:36:33,342 [INFO] 
============================================================
2026-03-03 19:36:33,344 [INFO] 📹 Vídeo 5/5: https://rumble.com/v76hn7u-karaok-a-ltima-por-hugo-and-guilherme.html
2026-03-03 19:36:33,344 [INFO] ▶️  Abrindo: https://rumble.com/v76hn7u-karaok-a-ltima-por-hugo-and-guilherme.html
2026-03-03 19:36:44,755 [INFO] ⏱  Assistindo os primeiros 10s para liberar os botões (duração total: 174s)...
2026-03-03 19:36:54,829 [INFO] ✅ Visualização inicial concluída.
2026-03-03 19:36:56,093 [INFO] 👍 Like dado via injeção JavaScript (Novo Layout)!
2026-03-03 19:36:57,807 [INFO] 👤 Canal possivelmente já seguido (ou botão não encontrado).
2026-03-03 19:37:06,685 [ERROR] ❌ Erro no vídeo: Message: unknown error: ChromeDriver only supports characters in the BMP
  (Session info: chrome=145.0.7632.117)
Stacktrace:
Symbols not available. Dumping unresolved backtrace:
	0xbb7dd3
	0xbb7e14
	0x9c1db0
	0xa45ab5
	0xa06dbb
	0xa0547b
	0xa2ea3c
	0xa018c4
	0xa2ec04
	0xa4b621
	0xa2e7d6
	0xa00049
	0xa00e04
	0xe16924
	0xe11bf7
	0xe2f5a0
	0xbd0f58
	0xbd891d
	0xbc0648
	0xbc0812
	0xbaa21a
	0x75305d49
	0x7775d83b
	0x7775d7c1

2026-03-03 19:37:06,686 [INFO] 🏁 Automação encerrada. O Chrome continuará aberto.
2026-03-03 19:50:11,413 [INFO] Feche todas as outras janelas do Chrome antes de rodar este script, se possível.
2026-03-03 19:50:11,413 [INFO] 🧹 Fechando processos abertos do Chrome para liberar portas...
2026-03-03 19:50:13,730 [INFO] 🌐 Iniciando o Chrome de Automação Isolado...
2026-03-03 19:50:13,760 [INFO] ⏳ Aguardando o Chrome iniciar a porta (10s)...
2026-03-03 19:50:23,764 [INFO] ====== WebDriver manager ======
2026-03-03 19:50:25,854 [INFO] Get LATEST chromedriver version for google-chrome
2026-03-03 19:50:27,443 [INFO] Get LATEST chromedriver version for google-chrome
2026-03-03 19:50:29,229 [INFO] Driver [C:\Users\joaqu\.wdm\drivers\chromedriver\win64\145.0.7632.117\chromedriver-win32/chromedriver.exe] found in cache
2026-03-03 19:50:29,845 [INFO] 🎬 Processando 5 vídeos listados no config...
2026-03-03 19:50:29,845 [INFO] 
============================================================
2026-03-03 19:50:29,845 [INFO] 📹 Vídeo 1/5: https://rumble.com/v76hqai-karaok-algum-me-chama-pra-beber-ao-vivo.html
2026-03-03 19:50:29,845 [INFO] ▶️  Abrindo: https://rumble.com/v76hqai-karaok-algum-me-chama-pra-beber-ao-vivo.html
2026-03-03 19:50:42,785 [INFO] ⏱  Assistindo os primeiros 10s para liberar os botões (duração total: 238s)...
2026-03-03 19:50:52,841 [INFO] ✅ Visualização inicial concluída.
2026-03-03 19:50:53,981 [INFO] 👍 Like dado via injeção JavaScript (Novo Layout)!
2026-03-03 19:50:55,078 [INFO] 👤 Canal possivelmente já seguido (ou botão não encontrado).
2026-03-03 19:51:11,038 [INFO] 💬 Comentário enviado via botão JS: "Ótimo vídeo! Continue postando. Valeu! t"
2026-03-03 19:51:11,039 [INFO] ⏳ Aguardando o vídeo terminar de tocar...
2026-03-03 19:54:42,951 [INFO] ✅ Vídeo finalizado por completo!
2026-03-03 19:54:42,951 [INFO] ⏸  Aguardando 5s até o próximo...
2026-03-03 19:54:48,202 [INFO] 
============================================================
2026-03-03 19:54:48,202 [INFO] 📹 Vídeo 2/5: https://rumble.com/v76hp2q-karaok-ai-meu-deus-ao-vivo.html
2026-03-03 19:54:48,204 [INFO] ▶️  Abrindo: https://rumble.com/v76hp2q-karaok-ai-meu-deus-ao-vivo.html
2026-03-03 19:54:59,676 [INFO] ⏱  Assistindo os primeiros 10s para liberar os botões (duração total: 169s)...
2026-03-03 19:55:09,780 [INFO] ✅ Visualização inicial concluída.
2026-03-03 19:55:11,014 [INFO] 👍 Like dado via injeção JavaScript (Novo Layout)!
2026-03-03 19:55:12,882 [INFO] 👤 Canal possivelmente já seguido (ou botão não encontrado).
2026-03-03 19:55:29,688 [INFO] 💬 Comentário enviado via botão JS: "Conteúdo de qualidade, gostei muito! Abraço! zl"
2026-03-03 19:55:29,688 [INFO] ⏳ Aguardando o vídeo terminar de tocar...
2026-03-03 19:57:50,996 [INFO] ✅ Vídeo finalizado por completo!
2026-03-03 19:57:50,996 [INFO] ⏸  Aguardando 5s até o próximo...
2026-03-03 19:57:56,393 [INFO] 
============================================================
2026-03-03 19:57:56,395 [INFO] 📹 Vídeo 3/5: https://rumble.com/v76hn7u-karaok-a-ltima-por-hugo-and-guilherme.html
2026-03-03 19:57:56,396 [INFO] ▶️  Abrindo: https://rumble.com/v76hn7u-karaok-a-ltima-por-hugo-and-guilherme.html
2026-03-03 19:58:07,789 [INFO] ⏱  Assistindo os primeiros 10s para liberar os botões (duração total: 174s)...
2026-03-03 19:58:17,855 [INFO] ✅ Visualização inicial concluída.
2026-03-03 19:58:19,016 [INFO] 👍 Like dado via injeção JavaScript (Novo Layout)!
2026-03-03 19:58:20,235 [INFO] 👤 Canal possivelmente já seguido (ou botão não encontrado).
2026-03-03 19:58:36,040 [INFO] 💬 Comentário enviado via botão JS: "Adorei o conteúdo, muito esclarecedor!"
2026-03-03 19:58:36,040 [INFO] ⏳ Aguardando o vídeo terminar de tocar...
2026-03-03 20:01:02,269 [INFO] ✅ Vídeo finalizado por completo!
2026-03-03 20:01:02,269 [INFO] ⏸  Aguardando 5s até o próximo...
2026-03-03 20:01:06,957 [INFO] 
============================================================
2026-03-03 20:01:06,957 [INFO] 📹 Vídeo 4/5: https://rumble.com/v76hm66-karaok-a-dor-desse-amor-a-puro-dolor-ao-vivo-por-hugo-and-guilherme.html
2026-03-03 20:01:06,957 [INFO] ▶️  Abrindo: https://rumble.com/v76hm66-karaok-a-dor-desse-amor-a-puro-dolor-ao-vivo-por-hugo-and-guilherme.html
2026-03-03 20:01:18,167 [INFO] ⏱  Assistindo os primeiros 10s para liberar os botões (duração total: 187s)...
2026-03-03 20:01:28,217 [INFO] ✅ Visualização inicial concluída.
2026-03-03 20:01:29,951 [INFO] 👍 Like dado via injeção JavaScript (Novo Layout)!
2026-03-03 20:01:31,837 [INFO] 👤 Canal possivelmente já seguido (ou botão não encontrado).
2026-03-03 20:01:47,663 [INFO] 💬 Comentário enviado via botão JS: "Que conteúdo bacana! Valeu pela dica. u"
2026-03-03 20:01:47,665 [INFO] ⏳ Aguardando o vídeo terminar de tocar...
2026-03-03 20:04:55,809 [INFO] ✅ Vídeo finalizado por completo!
2026-03-03 20:04:55,809 [INFO] ⏸  Aguardando 3s até o próximo...
2026-03-03 20:04:58,945 [INFO] 
============================================================
2026-03-03 20:04:58,945 [INFO] 📹 Vídeo 5/5: https://rumble.com/v76hl3e-karaok-100-ao-vivo-por-hugo-and-guilherme.html
2026-03-03 20:04:58,949 [INFO] ▶️  Abrindo: https://rumble.com/v76hl3e-karaok-100-ao-vivo-por-hugo-and-guilherme.html
2026-03-03 20:05:24,980 [INFO] ⏱  Assistindo os primeiros 10s para liberar os botões (duração total: 5542s)...
2026-03-03 20:05:35,091 [INFO] ✅ Visualização inicial concluída.
2026-03-03 20:05:36,455 [INFO] 👍 Like dado via injeção JavaScript (Novo Layout)!
2026-03-03 20:05:37,613 [INFO] 👤 Canal possivelmente já seguido (ou botão não encontrado).
2026-03-03 20:05:42,529 [WARNING] ⚠️  Campo de comentário não encontrado (você precisa estar logado).
2026-03-03 20:05:42,529 [INFO] ⏳ Aguardando o vídeo terminar de tocar...
2026-03-03 20:08:43,981 [INFO] ✅ Vídeo finalizado por completo!
2026-03-03 20:08:43,981 [INFO] 🏁 Automação encerrada. O Chrome continuará aberto.
2026-03-03 20:17:21,963 [INFO] Feche todas as outras janelas do Chrome antes de rodar este script, se possível.
2026-03-03 20:17:21,966 [INFO] 
############################################################
2026-03-03 20:17:21,966 [INFO] 👥 INICIANDO SESSÃO - CONTA 1/4: @uaijoaquim
2026-03-03 20:17:21,966 [INFO] ############################################################
2026-03-03 20:17:21,966 [INFO] 🧹 Fechando processos abertos do Chrome para liberar portas...
2026-03-03 20:17:24,390 [INFO] 🌐 Iniciando o Chrome de Automação Isolado...
2026-03-03 20:17:24,439 [INFO] ⏳ Aguardando o Chrome iniciar a porta (10s)...
2026-03-03 20:17:34,441 [INFO] ====== WebDriver manager ======
2026-03-03 20:17:37,960 [INFO] Get LATEST chromedriver version for google-chrome
2026-03-03 20:17:39,977 [INFO] Get LATEST chromedriver version for google-chrome
2026-03-03 20:17:41,588 [INFO] Driver [C:\Users\joaqu\.wdm\drivers\chromedriver\win64\145.0.7632.117\chromedriver-win32/chromedriver.exe] found in cache
2026-03-03 20:17:42,232 [INFO] 🔑 Verificando login para a conta: uaijoaquim ...
2026-03-03 20:18:30,899 [INFO] ✅ Cloudflare superado.
2026-03-03 20:18:38,308 [INFO] 🔑 Credenciais enviadas. Aguardando processamento...
2026-03-03 20:18:45,483 [INFO] ✅ Nova Sessão efetuada com sucesso para 'uaijoaquim'!
2026-03-03 20:18:45,483 [INFO] 🎬 Processando 5 vídeos listados para a conta @uaijoaquim...
2026-03-03 20:18:45,484 [INFO] 
--------------------------------------------------
2026-03-03 20:18:45,485 [INFO] 📹 Vídeo 1/5: https://rumble.com/v76hqai-karaok-algum-me-chama-pra-beber-ao-vivo.html (@uaijoaquim)
2026-03-03 20:18:45,485 [INFO] ▶️  Abrindo: https://rumble.com/v76hqai-karaok-algum-me-chama-pra-beber-ao-vivo.html
2026-03-03 20:19:11,823 [INFO] ⏱  Assistindo os primeiros 10s para liberar os botões (duração total: 5542s)...
2026-03-03 20:19:21,909 [INFO] ✅ Visualização inicial concluída.
2026-03-03 20:19:22,975 [INFO] 👍 Like dado via injeção JavaScript (Novo Layout)!
2026-03-03 20:19:24,587 [INFO] 👤 Canal Seguido com sucesso!
2026-03-03 20:19:30,746 [WARNING] ⚠️  Campo de comentário não encontrado (você precisa estar logado).
2026-03-03 20:19:30,746 [INFO] ⏳ Aguardando o vídeo terminar de tocar...
2026-03-03 20:19:30,758 [INFO] ✅ Vídeo finalizado por completo pela conta @uaijoaquim!
2026-03-03 20:19:30,758 [INFO] ⏸  Aguardando 8s até o próximo vídeo...
2026-03-03 20:19:38,732 [INFO] 
--------------------------------------------------
2026-03-03 20:19:38,733 [INFO] 📹 Vídeo 2/5: https://rumble.com/v76hp2q-karaok-ai-meu-deus-ao-vivo.html (@uaijoaquim)
2026-03-03 20:19:38,734 [INFO] ▶️  Abrindo: https://rumble.com/v76hp2q-karaok-ai-meu-deus-ao-vivo.html
2026-03-03 20:19:50,337 [INFO] ⏱  Assistindo os primeiros 10s para liberar os botões (duração total: 169s)...
2026-03-03 20:20:03,010 [INFO] ✅ Visualização inicial concluída.
2026-03-03 20:20:05,106 [WARNING] ⚠️  Botão de like não encontrado (o Rumble mudou o layout severamente ou você não está logado).
2026-03-03 20:20:06,980 [INFO] 👤 Canal possivelmente já seguido (ou botão não encontrado).
2026-03-03 20:20:11,272 [WARNING] ⚠️  Campo de comentário não encontrado (você precisa estar logado).
2026-03-03 20:20:11,272 [INFO] ⏳ Aguardando o vídeo terminar de tocar...
2026-03-03 20:20:11,283 [INFO] ✅ Vídeo finalizado por completo pela conta @uaijoaquim!
2026-03-03 20:20:11,283 [INFO] ⏸  Aguardando 6s até o próximo vídeo...
2026-03-03 20:20:16,816 [INFO] 
--------------------------------------------------
2026-03-03 20:20:16,817 [INFO] 📹 Vídeo 3/5: https://rumble.com/v76hn7u-karaok-a-ltima-por-hugo-and-guilherme.html (@uaijoaquim)
2026-03-03 20:20:16,818 [INFO] ▶️  Abrindo: https://rumble.com/v76hn7u-karaok-a-ltima-por-hugo-and-guilherme.html
2026-03-03 20:20:27,216 [INFO] ⏱  Assistindo os primeiros 10s para liberar os botões (duração total: 174s)...
2026-03-03 20:20:37,347 [INFO] ✅ Visualização inicial concluída.
2026-03-03 20:20:38,966 [WARNING] ⚠️  Botão de like não encontrado (o Rumble mudou o layout severamente ou você não está logado).
2026-03-03 20:20:40,266 [INFO] 👤 Canal possivelmente já seguido (ou botão não encontrado).
2026-03-03 20:20:44,596 [WARNING] ⚠️  Campo de comentário não encontrado (você precisa estar logado).
2026-03-03 20:20:44,596 [INFO] ⏳ Aguardando o vídeo terminar de tocar...
2026-03-03 20:20:44,612 [INFO] ✅ Vídeo finalizado por completo pela conta @uaijoaquim!
2026-03-03 20:20:44,615 [INFO] ⏸  Aguardando 6s até o próximo vídeo...
2026-03-03 20:20:50,528 [INFO] 
--------------------------------------------------
2026-03-03 20:20:50,529 [INFO] 📹 Vídeo 4/5: https://rumble.com/v76hm66-karaok-a-dor-desse-amor-a-puro-dolor-ao-vivo-por-hugo-and-guilherme.html (@uaijoaquim)
2026-03-03 20:20:50,529 [INFO] ▶️  Abrindo: https://rumble.com/v76hm66-karaok-a-dor-desse-amor-a-puro-dolor-ao-vivo-por-hugo-and-guilherme.html
2026-03-03 20:21:01,410 [INFO] ⏱  Assistindo os primeiros 10s para liberar os botões (duração total: 187s)...
2026-03-03 20:21:11,469 [INFO] ✅ Visualização inicial concluída.
2026-03-03 20:21:14,156 [INFO] 👍 Like dado via injeção JavaScript (Novo Layout)!
2026-03-03 20:21:16,151 [INFO] 👤 Canal Seguido com sucesso!
2026-03-03 20:21:28,484 [ERROR] ❌ Erro no vídeo com @uaijoaquim: Message: stale element reference: stale element not found
  (Session info: chrome=145.0.7632.117); For documentation on this error, please visit: https://www.selenium.dev/documentation/webdriver/troubleshooting/errors#staleelementreferenceexception
Stacktrace:
Symbols not available. Dumping unresolved backtrace:
	0xbb7dd3
	0xbb7e14
	0x9c1db0
	0x9d3cc2
	0x9d2d8c
	0x9c9339
	0x9c7752
	0x9cacbf
	0x9cad58
	0xa0ce39
	0xa0cede
	0xa04ab2
	0xa2ea3c
	0xa018c4
	0xa2ec04
	0xa4b621
	0xa2e7d6
	0xa00049
	0xa00e04
	0xe16924
	0xe11bf7
	0xe2f5a0
	0xbd0f58
	0xbd891d
	0xbc0648
	0xbc0812
	0xbaa21a
	0x75305d49
	0x7775d83b
	0x7775d7c1

2026-03-03 20:21:28,489 [INFO] ⏸  Aguardando 6s até o próximo vídeo...
2026-03-03 20:21:34,881 [INFO] 
--------------------------------------------------
2026-03-03 20:21:34,882 [INFO] 📹 Vídeo 5/5: https://rumble.com/v76hl3e-karaok-100-ao-vivo-por-hugo-and-guilherme.html (@uaijoaquim)
2026-03-03 20:21:34,882 [INFO] ▶️  Abrindo: https://rumble.com/v76hl3e-karaok-100-ao-vivo-por-hugo-and-guilherme.html
2026-03-03 20:21:48,266 [INFO] ⏱  Assistindo os primeiros 10s para liberar os botões (duração total: 179s)...
2026-03-03 20:21:58,365 [INFO] ✅ Visualização inicial concluída.
2026-03-03 20:21:59,797 [INFO] 👍 Like dado via injeção JavaScript (Novo Layout)!
2026-03-03 20:22:01,799 [INFO] 👤 Canal Seguido com sucesso!
2026-03-03 20:22:10,346 [WARNING] ⚠️  Campo de comentário não encontrado (você precisa estar logado).
2026-03-03 20:22:10,346 [INFO] ⏳ Aguardando o vídeo terminar de tocar...
2026-03-03 20:22:10,346 [INFO] ✅ Vídeo finalizado por completo pela conta @uaijoaquim!
2026-03-03 20:22:10,346 [INFO] 🚪 Tarefas concluídas para @uaijoaquim. Encerrando navegador do perfil...
2026-03-03 20:22:12,380 [INFO] ⏸ Aguardando 10s antes de trocar de conta...

2026-03-03 20:22:22,382 [INFO] 
############################################################
2026-03-03 20:22:22,382 [INFO] 👥 INICIANDO SESSÃO - CONTA 2/4: @joaquimcruz
2026-03-03 20:22:22,382 [INFO] ############################################################
2026-03-03 20:22:22,382 [INFO] 🧹 Fechando processos abertos do Chrome para liberar portas...
2026-03-03 20:22:24,703 [INFO] 🌐 Iniciando o Chrome de Automação Isolado...
2026-03-03 20:22:24,725 [INFO] ⏳ Aguardando o Chrome iniciar a porta (10s)...
2026-03-03 20:22:34,728 [INFO] ====== WebDriver manager ======
2026-03-03 20:22:37,006 [INFO] Get LATEST chromedriver version for google-chrome
2026-03-03 20:22:38,582 [INFO] Get LATEST chromedriver version for google-chrome
2026-03-03 20:22:40,476 [INFO] Driver [C:\Users\joaqu\.wdm\drivers\chromedriver\win64\145.0.7632.117\chromedriver-win32/chromedriver.exe] found in cache
2026-03-03 20:22:41,045 [INFO] 🔑 Verificando login para a conta: joaquimcruz ...
2026-03-03 20:23:27,154 [INFO] Feche todas as outras janelas do Chrome antes de rodar este script, se possível.
2026-03-03 20:23:27,154 [INFO] 
############################################################
2026-03-03 20:23:27,158 [INFO] 👥 INICIANDO SESSÃO - CONTA 1/4: @uaijoaquim
2026-03-03 20:23:27,160 [INFO] ############################################################
2026-03-03 20:23:27,161 [INFO] 🧹 Fechando processos abertos do Chrome para liberar portas...
2026-03-03 20:23:29,455 [INFO] 🌐 Iniciando o Chrome de Automação Isolado...
2026-03-03 20:23:29,466 [INFO] ⏳ Aguardando o Chrome iniciar a porta (10s)...
2026-03-03 20:23:39,468 [INFO] ====== WebDriver manager ======
2026-03-03 20:23:42,087 [INFO] Get LATEST chromedriver version for google-chrome
2026-03-03 20:23:43,223 [INFO] Get LATEST chromedriver version for google-chrome
2026-03-03 20:23:44,324 [INFO] Driver [C:\Users\joaqu\.wdm\drivers\chromedriver\win64\145.0.7632.117\chromedriver-win32/chromedriver.exe] found in cache
2026-03-03 20:23:44,916 [INFO] 🔑 Verificando login para a conta: uaijoaquim ...
2026-03-03 20:23:55,460 [INFO] 🔑 Credenciais enviadas. Aguardando processamento...
2026-03-03 20:24:02,607 [INFO] ✅ Nova Sessão efetuada com sucesso para 'uaijoaquim'!
2026-03-03 20:24:02,608 [INFO] 🎬 Processando 5 vídeos listados para a conta @uaijoaquim...
2026-03-03 20:24:02,609 [INFO] 
--------------------------------------------------
2026-03-03 20:24:02,609 [INFO] 📹 Vídeo 1/5: https://rumble.com/v76hqai-karaok-algum-me-chama-pra-beber-ao-vivo.html (@uaijoaquim)
2026-03-03 20:24:02,609 [INFO] ▶️  Abrindo: https://rumble.com/v76hqai-karaok-algum-me-chama-pra-beber-ao-vivo.html
2026-03-03 20:24:09,528 [ERROR] ❌ Erro no vídeo com @uaijoaquim: Message: element not interactable
  (Session info: chrome=145.0.7632.117); For documentation on this error, please visit: https://www.selenium.dev/documentation/webdriver/troubleshooting/errors#elementnotinteractableexception
Stacktrace:
Symbols not available. Dumping unresolved backtrace:
	0xbb7dd3
	0xbb7e14
	0x9c1bee
	0xa0d354
	0xa01e88
	0xa2ea3c
	0xa018c4
	0xa2ec04
	0xa4b621
	0xa2e7d6
	0xa00049
	0xa00e04
	0xe16924
	0xe11bf7
	0xe2f5a0
	0xbd0f58
	0xbd891d
	0xbc0648
	0xbc0812
	0xbaa21a
	0x75305d49
	0x7775d83b
	0x7775d7c1

2026-03-03 20:24:09,528 [INFO] ⏸  Aguardando 6s até o próximo vídeo...
2026-03-03 20:24:15,110 [INFO] 
--------------------------------------------------
2026-03-03 20:24:15,112 [INFO] 📹 Vídeo 2/5: https://rumble.com/v76hp2q-karaok-ai-meu-deus-ao-vivo.html (@uaijoaquim)
2026-03-03 20:24:15,113 [INFO] ▶️  Abrindo: https://rumble.com/v76hp2q-karaok-ai-meu-deus-ao-vivo.html
2026-03-03 20:24:21,649 [ERROR] ❌ Erro no vídeo com @uaijoaquim: Message: element not interactable
  (Session info: chrome=145.0.7632.117); For documentation on this error, please visit: https://www.selenium.dev/documentation/webdriver/troubleshooting/errors#elementnotinteractableexception
Stacktrace:
Symbols not available. Dumping unresolved backtrace:
	0xbb7dd3
	0xbb7e14
	0x9c1bee
	0xa0d354
	0xa01e88
	0xa2ea3c
	0xa018c4
	0xa2ec04
	0xa4b621
	0xa2e7d6
	0xa00049
	0xa00e04
	0xe16924
	0xe11bf7
	0xe2f5a0
	0xbd0f58
	0xbd891d
	0xbc0648
	0xbc0812
	0xbaa21a
	0x75305d49
	0x7775d83b
	0x7775d7c1

2026-03-03 20:24:21,649 [INFO] ⏸  Aguardando 8s até o próximo vídeo...
2026-03-03 20:24:29,493 [INFO] 
--------------------------------------------------
2026-03-03 20:24:29,494 [INFO] 📹 Vídeo 3/5: https://rumble.com/v76hn7u-karaok-a-ltima-por-hugo-and-guilherme.html (@uaijoaquim)
2026-03-03 20:24:29,496 [INFO] ▶️  Abrindo: https://rumble.com/v76hn7u-karaok-a-ltima-por-hugo-and-guilherme.html
2026-03-03 20:24:35,922 [ERROR] ❌ Erro no vídeo com @uaijoaquim: Message: element not interactable
  (Session info: chrome=145.0.7632.117); For documentation on this error, please visit: https://www.selenium.dev/documentation/webdriver/troubleshooting/errors#elementnotinteractableexception
Stacktrace:
Symbols not available. Dumping unresolved backtrace:
	0xbb7dd3
	0xbb7e14
	0x9c1bee
	0xa0d354
	0xa01e88
	0xa2ea3c
	0xa018c4
	0xa2ec04
	0xa4b621
	0xa2e7d6
	0xa00049
	0xa00e04
	0xe16924
	0xe11bf7
	0xe2f5a0
	0xbd0f58
	0xbd891d
	0xbc0648
	0xbc0812
	0xbaa21a
	0x75305d49
	0x7775d83b
	0x7775d7c1

2026-03-03 20:24:35,922 [INFO] ⏸  Aguardando 7s até o próximo vídeo...
2026-03-03 20:24:43,182 [INFO] 
--------------------------------------------------
2026-03-03 20:24:43,182 [INFO] 📹 Vídeo 4/5: https://rumble.com/v76hm66-karaok-a-dor-desse-amor-a-puro-dolor-ao-vivo-por-hugo-and-guilherme.html (@uaijoaquim)
2026-03-03 20:24:43,182 [INFO] ▶️  Abrindo: https://rumble.com/v76hm66-karaok-a-dor-desse-amor-a-puro-dolor-ao-vivo-por-hugo-and-guilherme.html
2026-03-03 20:24:50,017 [ERROR] ❌ Erro no vídeo com @uaijoaquim: Message: element not interactable
  (Session info: chrome=145.0.7632.117); For documentation on this error, please visit: https://www.selenium.dev/documentation/webdriver/troubleshooting/errors#elementnotinteractableexception
Stacktrace:
Symbols not available. Dumping unresolved backtrace:
	0xbb7dd3
	0xbb7e14
	0x9c1bee
	0xa0d354
	0xa01e88
	0xa2ea3c
	0xa018c4
	0xa2ec04
	0xa4b621
	0xa2e7d6
	0xa00049
	0xa00e04
	0xe16924
	0xe11bf7
	0xe2f5a0
	0xbd0f58
	0xbd891d
	0xbc0648
	0xbc0812
	0xbaa21a
	0x75305d49
	0x7775d83b
	0x7775d7c1

2026-03-03 20:24:50,023 [INFO] ⏸  Aguardando 8s até o próximo vídeo...
2026-03-03 20:24:57,708 [INFO] 
--------------------------------------------------
2026-03-03 20:24:57,709 [INFO] 📹 Vídeo 5/5: https://rumble.com/v76hl3e-karaok-100-ao-vivo-por-hugo-and-guilherme.html (@uaijoaquim)
2026-03-03 20:24:57,711 [INFO] ▶️  Abrindo: https://rumble.com/v76hl3e-karaok-100-ao-vivo-por-hugo-and-guilherme.html
2026-03-03 20:24:58,249 [ERROR] ❌ Erro no vídeo com @uaijoaquim: Message: target frame detached
  (failed to check if window was closed: disconnected: Unable to receive message from renderer)
  (Session info: chrome=145.0.7632.117)
Stacktrace:
Symbols not available. Dumping unresolved backtrace:
	0xbb7dd3
	0xbb7e14
	0x9c1bee
	0x9b1d33
	0x9b0f0d
	0x9cf895
	0x9ced74
	0x9ceeaa
	0xa4b941
	0xa2e7d6
	0xa00049
	0xa00e04
	0xe16924
	0xe11bf7
	0xe2f5a0
	0xbd0f58
	0xbd891d
	0xbc0648
	0xbc0812
	0xbaa21a
	0x75305d49
	0x7775d83b
	0x7775d7c1

2026-03-03 20:24:58,254 [INFO] 🚪 Tarefas concluídas para @uaijoaquim. Encerrando navegador do perfil...
2026-03-03 20:25:00,298 [INFO] ⏸ Aguardando 10s antes de trocar de conta...

2026-03-03 20:25:10,301 [INFO] 
############################################################
2026-03-03 20:25:10,301 [INFO] 👥 INICIANDO SESSÃO - CONTA 2/4: @joaquimcruz
2026-03-03 20:25:10,301 [INFO] ############################################################
2026-03-03 20:25:10,304 [INFO] 🧹 Fechando processos abertos do Chrome para liberar portas...
2026-03-03 20:25:12,515 [INFO] 🌐 Iniciando o Chrome de Automação Isolado...
2026-03-03 20:25:12,523 [INFO] ⏳ Aguardando o Chrome iniciar a porta (10s)...
2026-03-03 20:25:22,527 [INFO] ====== WebDriver manager ======
2026-03-03 20:25:24,771 [INFO] Get LATEST chromedriver version for google-chrome
2026-03-03 20:25:25,863 [INFO] Get LATEST chromedriver version for google-chrome
2026-03-03 20:25:27,028 [INFO] Driver [C:\Users\joaqu\.wdm\drivers\chromedriver\win64\145.0.7632.117\chromedriver-win32/chromedriver.exe] found in cache
2026-03-03 20:25:27,654 [INFO] 🔑 Verificando login para a conta: joaquimcruz ...
2026-03-03 20:25:39,093 [INFO] 🔑 Credenciais enviadas. Aguardando processamento...
2026-03-03 20:25:48,157 [INFO] ✅ Nova Sessão efetuada com sucesso para 'joaquimcruz'!
2026-03-03 20:25:48,157 [INFO] 🎬 Processando 5 vídeos listados para a conta @joaquimcruz...
2026-03-03 20:25:48,157 [INFO] 
--------------------------------------------------
2026-03-03 20:25:48,157 [INFO] 📹 Vídeo 1/5: https://rumble.com/v76hqai-karaok-algum-me-chama-pra-beber-ao-vivo.html (@joaquimcruz)
2026-03-03 20:25:48,159 [INFO] ▶️  Abrindo: https://rumble.com/v76hqai-karaok-algum-me-chama-pra-beber-ao-vivo.html
2026-03-03 20:26:00,098 [INFO] ⏱  Assistindo os primeiros 10s para liberar os botões (duração total: 238s)...
2026-03-03 20:26:10,173 [INFO] ✅ Visualização inicial concluída.
2026-03-03 20:26:12,014 [INFO] 👍 Like dado via injeção JavaScript (Novo Layout)!
2026-03-03 20:26:13,399 [INFO] 👤 Canal Seguido com sucesso!
2026-03-03 20:26:27,128 [ERROR] ❌ Erro no vídeo com @joaquimcruz: Message: unknown error: ChromeDriver only supports characters in the BMP
  (Session info: chrome=145.0.7632.117)
Stacktrace:
Symbols not available. Dumping unresolved backtrace:
	0xbb7dd3
	0xbb7e14
	0x9c1db0
	0xa45ab5
	0xa06dbb
	0xa0547b
	0xa2ea3c
	0xa018c4
	0xa2ec04
	0xa4b621
	0xa2e7d6
	0xa00049
	0xa00e04
	0xe16924
	0xe11bf7
	0xe2f5a0
	0xbd0f58
	0xbd891d
	0xbc0648
	0xbc0812
	0xbaa21a
	0x75305d49
	0x7775d83b
	0x7775d7c1

2026-03-03 20:26:27,128 [INFO] ⏸  Aguardando 4s até o próximo vídeo...
2026-03-03 20:26:31,165 [INFO] 
--------------------------------------------------
2026-03-03 20:26:31,165 [INFO] 📹 Vídeo 2/5: https://rumble.com/v76hp2q-karaok-ai-meu-deus-ao-vivo.html (@joaquimcruz)
2026-03-03 20:26:31,166 [INFO] ▶️  Abrindo: https://rumble.com/v76hp2q-karaok-ai-meu-deus-ao-vivo.html
2026-03-03 20:26:42,314 [INFO] ⏱  Assistindo os primeiros 10s para liberar os botões (duração total: 169s)...
2026-03-03 20:26:52,498 [INFO] ✅ Visualização inicial concluída.
2026-03-03 20:26:53,921 [INFO] 👍 Like dado via injeção JavaScript (Novo Layout)!
2026-03-03 20:26:55,676 [INFO] 👤 Canal possivelmente já seguido (ou botão não encontrado).
2026-03-03 20:27:09,081 [ERROR] ❌ Erro no vídeo com @joaquimcruz: Message: unknown error: ChromeDriver only supports characters in the BMP
  (Session info: chrome=145.0.7632.117)
Stacktrace:
Symbols not available. Dumping unresolved backtrace:
	0xbb7dd3
	0xbb7e14
	0x9c1db0
	0xa45ab5
	0xa06dbb
	0xa0547b
	0xa2ea3c
	0xa018c4
	0xa2ec04
	0xa4b621
	0xa2e7d6
	0xa00049
	0xa00e04
	0xe16924
	0xe11bf7
	0xe2f5a0
	0xbd0f58
	0xbd891d
	0xbc0648
	0xbc0812
	0xbaa21a
	0x75305d49
	0x7775d83b
	0x7775d7c1

2026-03-03 20:27:09,090 [INFO] ⏸  Aguardando 6s até o próximo vídeo...
2026-03-03 20:27:15,130 [INFO] 
--------------------------------------------------
2026-03-03 20:27:15,130 [INFO] 📹 Vídeo 3/5: https://rumble.com/v76hn7u-karaok-a-ltima-por-hugo-and-guilherme.html (@joaquimcruz)
2026-03-03 20:27:15,132 [INFO] ▶️  Abrindo: https://rumble.com/v76hn7u-karaok-a-ltima-por-hugo-and-guilherme.html
2026-03-03 20:27:26,110 [INFO] ⏱  Assistindo os primeiros 10s para liberar os botões (duração total: 174s)...
2026-03-03 20:27:36,138 [INFO] ✅ Visualização inicial concluída.
2026-03-03 20:27:37,746 [INFO] 👍 Like dado via injeção JavaScript (Novo Layout)!
2026-03-03 20:27:39,649 [INFO] 👤 Canal possivelmente já seguido (ou botão não encontrado).
2026-03-03 20:27:51,604 [ERROR] ❌ Erro no vídeo com @joaquimcruz: Message: unknown error: ChromeDriver only supports characters in the BMP
  (Session info: chrome=145.0.7632.117)
Stacktrace:
Symbols not available. Dumping unresolved backtrace:
	0xbb7dd3
	0xbb7e14
	0x9c1db0
	0xa45ab5
	0xa06dbb
	0xa0547b
	0xa2ea3c
	0xa018c4
	0xa2ec04
	0xa4b621
	0xa2e7d6
	0xa00049
	0xa00e04
	0xe16924
	0xe11bf7
	0xe2f5a0
	0xbd0f58
	0xbd891d
	0xbc0648
	0xbc0812
	0xbaa21a
	0x75305d49
	0x7775d83b
	0x7775d7c1

2026-03-03 20:27:51,604 [INFO] ⏸  Aguardando 7s até o próximo vídeo...
2026-03-03 20:27:58,127 [INFO] 
--------------------------------------------------
2026-03-03 20:27:58,128 [INFO] 📹 Vídeo 4/5: https://rumble.com/v76hm66-karaok-a-dor-desse-amor-a-puro-dolor-ao-vivo-por-hugo-and-guilherme.html (@joaquimcruz)
2026-03-03 20:27:58,129 [INFO] ▶️  Abrindo: https://rumble.com/v76hm66-karaok-a-dor-desse-amor-a-puro-dolor-ao-vivo-por-hugo-and-guilherme.html
2026-03-03 20:28:21,889 [INFO] ⏱  Assistindo os primeiros 10s para liberar os botões (duração total: 18726s)...
2026-03-03 20:29:37,950 [INFO] Feche todas as outras janelas do Chrome antes de rodar este script, se possível.
2026-03-03 20:29:37,951 [INFO] 
############################################################
2026-03-03 20:29:37,952 [INFO] 👥 INICIANDO SESSÃO - CONTA 1/4: @uaijoaquim
2026-03-03 20:29:37,952 [INFO] ############################################################
2026-03-03 20:29:37,952 [INFO] 🧹 Fechando processos abertos do Chrome para liberar portas...
2026-03-03 20:29:40,271 [INFO] 🌐 Iniciando o Chrome de Automação Isolado...
2026-03-03 20:29:40,283 [INFO] ⏳ Aguardando o Chrome iniciar a porta (10s)...
2026-03-03 20:29:50,286 [INFO] ====== WebDriver manager ======
2026-03-03 20:29:52,669 [INFO] Get LATEST chromedriver version for google-chrome
2026-03-03 20:29:53,956 [INFO] Get LATEST chromedriver version for google-chrome
2026-03-03 20:29:55,231 [INFO] Driver [C:\Users\joaqu\.wdm\drivers\chromedriver\win64\145.0.7632.117\chromedriver-win32/chromedriver.exe] found in cache
2026-03-03 20:29:55,810 [INFO] 🔑 Verificando login para a conta: uaijoaquim ...
2026-03-03 20:30:05,786 [WARNING] ⚠️  Erro na automação de login (pode já estar logado ou layout mudou): Message: no such element: Unable to locate element: {"method":"css selector","selector":"input[name='username'], input[type='email'], input#login-username"}
  (Session info: chrome=145.0.7632.117); For documentation on this error, please visit: https://www.selenium.dev/documentation/webdriver/troubleshooting/errors#nosuchelementexception
Stacktrace:
Symbols not available. Dumping unresolved backtrace:
	0xbb7dd3
	0xbb7e14
	0x9c1db0
	0xa0c20a
	0xa0c4ab
	0xa4de32
	0xa2ea84
	0xa4b621
	0xa2e7d6
	0xa00049
	0xa00e04
	0xe16924
	0xe11bf7
	0xe2f5a0
	0xbd0f58
	0xbd891d
	0xbc0648
	0xbc0812
	0xbaa21a
	0x75305d49
	0x7775d83b
	0x7775d7c1

2026-03-03 20:30:05,787 [INFO] 🎬 Processando 5 vídeos listados para a conta @uaijoaquim...
2026-03-03 20:30:05,787 [INFO] 
--------------------------------------------------
2026-03-03 20:30:05,788 [INFO] 📹 Vídeo 1/5: https://rumble.com/v76hqai-karaok-algum-me-chama-pra-beber-ao-vivo.html (@uaijoaquim)
2026-03-03 20:30:05,789 [INFO] ▶️  Abrindo: https://rumble.com/v76hqai-karaok-algum-me-chama-pra-beber-ao-vivo.html
2026-03-03 20:30:17,028 [INFO] ⏱  Assistindo os primeiros 10s para liberar os botões (duração total: 238s)...
2026-03-03 20:30:27,107 [INFO] ✅ Visualização inicial concluída.
2026-03-03 20:30:29,090 [INFO] 👍 Like dado via injeção JavaScript (Novo Layout)!
2026-03-03 20:30:30,180 [INFO] 👤 Canal possivelmente já seguido (ou botão não encontrado).
2026-03-03 20:30:42,643 [ERROR] ❌ Erro no vídeo com @uaijoaquim: Message: unknown error: ChromeDriver only supports characters in the BMP
  (Session info: chrome=145.0.7632.117)
Stacktrace:
Symbols not available. Dumping unresolved backtrace:
	0xbb7dd3
	0xbb7e14
	0x9c1db0
	0xa45ab5
	0xa06dbb
	0xa0547b
	0xa2ea3c
	0xa018c4
	0xa2ec04
	0xa4b621
	0xa2e7d6
	0xa00049
	0xa00e04
	0xe16924
	0xe11bf7
	0xe2f5a0
	0xbd0f58
	0xbd891d
	0xbc0648
	0xbc0812
	0xbaa21a
	0x75305d49
	0x7775d83b
	0x7775d7c1

2026-03-03 20:30:42,643 [INFO] ⏸  Aguardando 3s até o próximo vídeo...
2026-03-03 20:30:45,933 [INFO] 
--------------------------------------------------
2026-03-03 20:30:45,933 [INFO] 📹 Vídeo 2/5: https://rumble.com/v76hp2q-karaok-ai-meu-deus-ao-vivo.html (@uaijoaquim)
2026-03-03 20:30:45,933 [INFO] ▶️  Abrindo: https://rumble.com/v76hp2q-karaok-ai-meu-deus-ao-vivo.html
2026-03-03 20:30:56,976 [INFO] ⏱  Assistindo os primeiros 10s para liberar os botões (duração total: 169s)...
2026-03-03 20:31:07,073 [INFO] ✅ Visualização inicial concluída.
2026-03-03 20:31:08,443 [INFO] 👍 Like dado via injeção JavaScript (Novo Layout)!
2026-03-03 20:31:10,314 [INFO] 👤 Canal possivelmente já seguido (ou botão não encontrado).
2026-03-03 20:31:21,805 [ERROR] ❌ Erro no vídeo com @uaijoaquim: Message: unknown error: ChromeDriver only supports characters in the BMP
  (Session info: chrome=145.0.7632.117)
Stacktrace:
Symbols not available. Dumping unresolved backtrace:
	0xbb7dd3
	0xbb7e14
	0x9c1db0
	0xa45ab5
	0xa06dbb
	0xa0547b
	0xa2ea3c
	0xa018c4
	0xa2ec04
	0xa4b621
	0xa2e7d6
	0xa00049
	0xa00e04
	0xe16924
	0xe11bf7
	0xe2f5a0
	0xbd0f58
	0xbd891d
	0xbc0648
	0xbc0812
	0xbaa21a
	0x75305d49
	0x7775d83b
	0x7775d7c1

2026-03-03 20:31:21,807 [INFO] ⏸  Aguardando 3s até o próximo vídeo...
2026-03-03 20:31:25,064 [INFO] 
--------------------------------------------------
2026-03-03 20:31:25,065 [INFO] 📹 Vídeo 3/5: https://rumble.com/v76hn7u-karaok-a-ltima-por-hugo-and-guilherme.html (@uaijoaquim)
2026-03-03 20:31:25,065 [INFO] ▶️  Abrindo: https://rumble.com/v76hn7u-karaok-a-ltima-por-hugo-and-guilherme.html
2026-03-03 20:31:45,362 [INFO] ⏱  Assistindo os primeiros 10s para liberar os botões (duração total: 174s)...
2026-03-03 20:31:51,913 [ERROR] ❌ Erro no vídeo com @uaijoaquim: Message: no such window: target window already closed
from unknown error: web view not found
  (Session info: chrome=145.0.7632.117)
Stacktrace:
Symbols not available. Dumping unresolved backtrace:
	0xbb7dd3
	0xbb7e14
	0x9c1db0
	0x9a08d3
	0xa350fb
	0xa4b0d9
	0xa2e7d6
	0xa00049
	0xa00e04
	0xe16924
	0xe11bf7
	0xe2f5a0
	0xbd0f58
	0xbd891d
	0xbc0648
	0xbc0812
	0xbaa21a
	0x75305d49
	0x7775d83b
	0x7775d7c1

2026-03-03 20:31:51,916 [INFO] ⏸  Aguardando 4s até o próximo vídeo...
2026-03-03 20:31:56,272 [INFO] 
--------------------------------------------------
2026-03-03 20:31:56,272 [INFO] 📹 Vídeo 4/5: https://rumble.com/v76hm66-karaok-a-dor-desse-amor-a-puro-dolor-ao-vivo-por-hugo-and-guilherme.html (@uaijoaquim)
2026-03-03 20:31:56,272 [INFO] ▶️  Abrindo: https://rumble.com/v76hm66-karaok-a-dor-desse-amor-a-puro-dolor-ao-vivo-por-hugo-and-guilherme.html
2026-03-03 20:31:56,275 [ERROR] ❌ Erro no vídeo com @uaijoaquim: Message: no such window: target window already closed
from unknown error: web view not found
  (Session info: chrome=145.0.7632.117)
Stacktrace:
Symbols not available. Dumping unresolved backtrace:
	0xbb7dd3
	0xbb7e14
	0x9c1db0
	0x9a08d3
	0xa350fb
	0xa4b0d9
	0xa2e7d6
	0xa00049
	0xa00e04
	0xe16924
	0xe11bf7
	0xe2f5a0
	0xbd0f58
	0xbd891d
	0xbc0648
	0xbc0812
	0xbaa21a
	0x75305d49
	0x7775d83b
	0x7775d7c1

2026-03-03 20:31:56,276 [INFO] ⏸  Aguardando 4s até o próximo vídeo...
2026-03-03 20:32:00,458 [INFO] 
--------------------------------------------------
2026-03-03 20:32:00,459 [INFO] 📹 Vídeo 5/5: https://rumble.com/v76hl3e-karaok-100-ao-vivo-por-hugo-and-guilherme.html (@uaijoaquim)
2026-03-03 20:32:00,459 [INFO] ▶️  Abrindo: https://rumble.com/v76hl3e-karaok-100-ao-vivo-por-hugo-and-guilherme.html
2026-03-03 20:32:00,463 [ERROR] ❌ Erro no vídeo com @uaijoaquim: Message: no such window: target window already closed
from unknown error: web view not found
  (Session info: chrome=145.0.7632.117)
Stacktrace:
Symbols not available. Dumping unresolved backtrace:
	0xbb7dd3
	0xbb7e14
	0x9c1db0
	0x9a08d3
	0xa350fb
	0xa4b0d9
	0xa2e7d6
	0xa00049
	0xa00e04
	0xe16924
	0xe11bf7
	0xe2f5a0
	0xbd0f58
	0xbd891d
	0xbc0648
	0xbc0812
	0xbaa21a
	0x75305d49
	0x7775d83b
	0x7775d7c1

2026-03-03 20:32:00,465 [INFO] 🚪 Tarefas concluídas para @uaijoaquim. Encerrando navegador do perfil...
2026-03-03 20:32:02,500 [INFO] ⏸ Aguardando 10s antes de trocar de conta...

2026-03-03 20:32:12,503 [INFO] 
############################################################
2026-03-03 20:32:12,505 [INFO] 👥 INICIANDO SESSÃO - CONTA 2/4: @joaquimcruz
2026-03-03 20:32:12,505 [INFO] ############################################################
2026-03-03 20:32:12,505 [INFO] 🧹 Fechando processos abertos do Chrome para liberar portas...
2026-03-03 20:32:14,798 [INFO] 🌐 Iniciando o Chrome de Automação Isolado...
2026-03-03 20:32:14,812 [INFO] ⏳ Aguardando o Chrome iniciar a porta (10s)...
2026-03-03 20:32:24,815 [INFO] ====== WebDriver manager ======
2026-03-03 20:32:26,835 [INFO] Get LATEST chromedriver version for google-chrome
2026-03-03 20:32:27,993 [INFO] Get LATEST chromedriver version for google-chrome
2026-03-03 20:32:29,092 [INFO] Driver [C:\Users\joaqu\.wdm\drivers\chromedriver\win64\145.0.7632.117\chromedriver-win32/chromedriver.exe] found in cache
2026-03-03 20:32:29,660 [INFO] 🔑 Verificando login para a conta: joaquimcruz ...
2026-03-03 20:32:38,642 [WARNING] ⚠️  Erro na automação de login (pode já estar logado ou layout mudou): Message: no such element: Unable to locate element: {"method":"css selector","selector":"input[name='username'], input[type='email'], input#login-username"}
  (Session info: chrome=145.0.7632.117); For documentation on this error, please visit: https://www.selenium.dev/documentation/webdriver/troubleshooting/errors#nosuchelementexception
Stacktrace:
Symbols not available. Dumping unresolved backtrace:
	0xbb7dd3
	0xbb7e14
	0x9c1db0
	0xa0c20a
	0xa0c4ab
	0xa4de32
	0xa2ea84
	0xa4b621
	0xa2e7d6
	0xa00049
	0xa00e04
	0xe16924
	0xe11bf7
	0xe2f5a0
	0xbd0f58
	0xbd891d
	0xbc0648
	0xbc0812
	0xbaa21a
	0x75305d49
	0x7775d83b
	0x7775d7c1

2026-03-03 20:32:38,644 [INFO] 🎬 Processando 5 vídeos listados para a conta @joaquimcruz...
2026-03-03 20:32:38,645 [INFO] 
--------------------------------------------------
2026-03-03 20:32:38,645 [INFO] 📹 Vídeo 1/5: https://rumble.com/v76hqai-karaok-algum-me-chama-pra-beber-ao-vivo.html (@joaquimcruz)
2026-03-03 20:32:38,646 [INFO] ▶️  Abrindo: https://rumble.com/v76hqai-karaok-algum-me-chama-pra-beber-ao-vivo.html
2026-03-03 20:32:50,078 [INFO] ⏱  Assistindo os primeiros 10s para liberar os botões (duração total: 238s)...
2026-03-03 20:33:00,294 [INFO] ✅ Visualização inicial concluída.
2026-03-03 20:33:02,103 [INFO] 👍 Like dado via injeção JavaScript (Novo Layout)!
2026-03-03 20:33:03,260 [INFO] 👤 Canal possivelmente já seguido (ou botão não encontrado).
2026-03-03 20:33:16,043 [ERROR] ❌ Erro no vídeo com @joaquimcruz: Message: unknown error: ChromeDriver only supports characters in the BMP
  (Session info: chrome=145.0.7632.117)
Stacktrace:
Symbols not available. Dumping unresolved backtrace:
	0xbb7dd3
	0xbb7e14
	0x9c1db0
	0xa45ab5
	0xa06dbb
	0xa0547b
	0xa2ea3c
	0xa018c4
	0xa2ec04
	0xa4b621
	0xa2e7d6
	0xa00049
	0xa00e04
	0xe16924
	0xe11bf7
	0xe2f5a0
	0xbd0f58
	0xbd891d
	0xbc0648
	0xbc0812
	0xbaa21a
	0x75305d49
	0x7775d83b
	0x7775d7c1

2026-03-03 20:33:16,043 [INFO] ⏸  Aguardando 6s até o próximo vídeo...
2026-03-03 20:33:22,305 [INFO] 
--------------------------------------------------
2026-03-03 20:33:22,305 [INFO] 📹 Vídeo 2/5: https://rumble.com/v76hp2q-karaok-ai-meu-deus-ao-vivo.html (@joaquimcruz)
2026-03-03 20:33:22,305 [INFO] ▶️  Abrindo: https://rumble.com/v76hp2q-karaok-ai-meu-deus-ao-vivo.html
2026-03-03 20:33:33,859 [INFO] ⏱  Assistindo os primeiros 10s para liberar os botões (duração total: 169s)...
2026-03-03 20:33:43,911 [INFO] ✅ Visualização inicial concluída.
2026-03-03 20:33:45,896 [WARNING] ⚠️  Botão de like não encontrado (o Rumble mudou o layout severamente ou você não está logado).
2026-03-03 20:33:47,618 [WARNING] ⚠️  Falha ao tentar seguir o canal.
2026-03-03 20:33:49,188 [ERROR] ❌ Erro no vídeo com @joaquimcruz: Message: invalid session id; For documentation on this error, please visit: https://www.selenium.dev/documentation/webdriver/troubleshooting/errors#invalidsessionidexception
Stacktrace:
Symbols not available. Dumping unresolved backtrace:
	0xbb7dd3
	0xbb7e14
	0x9c1bee
	0x9ff2d5
	0xa2e8f6
	0xa2a491
	0xa29ab2
	0x99500e
	0x9955ae
	0x995a8d
	0xe16924
	0xe11bf7
	0xe2f5a0
	0xbd0f58
	0xbd891d
	0x994c69
	0x9942b0
	0xf7876f
	0x75305d49
	0x7775d83b
	0x7775d7c1

2026-03-03 20:33:49,189 [INFO] ⏸  Aguardando 5s até o próximo vídeo...
2026-03-03 20:33:54,545 [INFO] 
--------------------------------------------------
2026-03-03 20:33:54,545 [INFO] 📹 Vídeo 3/5: https://rumble.com/v76hn7u-karaok-a-ltima-por-hugo-and-guilherme.html (@joaquimcruz)
2026-03-03 20:33:54,548 [INFO] ▶️  Abrindo: https://rumble.com/v76hn7u-karaok-a-ltima-por-hugo-and-guilherme.html
2026-03-03 20:33:54,548 [ERROR] ❌ Erro no vídeo com @joaquimcruz: Message: invalid session id; For documentation on this error, please visit: https://www.selenium.dev/documentation/webdriver/troubleshooting/errors#invalidsessionidexception
Stacktrace:
Symbols not available. Dumping unresolved backtrace:
	0xbb7dd3
	0xbb7e14
	0x9c1bee
	0x9ff2d5
	0xa2e8f6
	0xa2a491
	0xa29ab2
	0x99500e
	0x9955ae
	0x995a8d
	0xe16924
	0xe11bf7
	0xe2f5a0
	0xbd0f58
	0xbd891d
	0x994c69
	0x9942b0
	0xf7876f
	0x75305d49
	0x7775d83b
	0x7775d7c1

2026-03-03 20:33:54,554 [INFO] ⏸  Aguardando 6s até o próximo vídeo...
2026-03-03 20:34:00,661 [INFO] 
--------------------------------------------------
2026-03-03 20:34:00,672 [INFO] 📹 Vídeo 4/5: https://rumble.com/v76hm66-karaok-a-dor-desse-amor-a-puro-dolor-ao-vivo-por-hugo-and-guilherme.html (@joaquimcruz)
2026-03-03 20:34:00,676 [INFO] ▶️  Abrindo: https://rumble.com/v76hm66-karaok-a-dor-desse-amor-a-puro-dolor-ao-vivo-por-hugo-and-guilherme.html
2026-03-03 20:34:00,720 [ERROR] ❌ Erro no vídeo com @joaquimcruz: Message: invalid session id; For documentation on this error, please visit: https://www.selenium.dev/documentation/webdriver/troubleshooting/errors#invalidsessionidexception
Stacktrace:
Symbols not available. Dumping unresolved backtrace:
	0xbb7dd3
	0xbb7e14
	0x9c1bee
	0x9ff2d5
	0xa2e8f6
	0xa2a491
	0xa29ab2
	0x99500e
	0x9955ae
	0x995a8d
	0xe16924
	0xe11bf7
	0xe2f5a0
	0xbd0f58
	0xbd891d
	0x994c69
	0x9942b0
	0xf7876f
	0x75305d49
	0x7775d83b
	0x7775d7c1

2026-03-03 20:34:00,763 [INFO] ⏸  Aguardando 6s até o próximo vídeo...
2026-03-03 20:34:06,883 [INFO] 
--------------------------------------------------
2026-03-03 20:34:06,883 [INFO] 📹 Vídeo 5/5: https://rumble.com/v76hl3e-karaok-100-ao-vivo-por-hugo-and-guilherme.html (@joaquimcruz)
2026-03-03 20:34:06,883 [INFO] ▶️  Abrindo: https://rumble.com/v76hl3e-karaok-100-ao-vivo-por-hugo-and-guilherme.html
2026-03-03 20:34:06,883 [ERROR] ❌ Erro no vídeo com @joaquimcruz: Message: invalid session id; For documentation on this error, please visit: https://www.selenium.dev/documentation/webdriver/troubleshooting/errors#invalidsessionidexception
Stacktrace:
Symbols not available. Dumping unresolved backtrace:
	0xbb7dd3
	0xbb7e14
	0x9c1bee
	0x9ff2d5
	0xa2e8f6
	0xa2a491
	0xa29ab2
	0x99500e
	0x9955ae
	0x995a8d
	0xe16924
	0xe11bf7
	0xe2f5a0
	0xbd0f58
	0xbd891d
	0x994c69
	0x9942b0
	0xf7876f
	0x75305d49
	0x7775d83b
	0x7775d7c1

2026-03-03 20:34:06,890 [INFO] 🚪 Tarefas concluídas para @joaquimcruz. Encerrando navegador do perfil...
2026-03-03 20:34:08,916 [INFO] ⏸ Aguardando 10s antes de trocar de conta...

2026-03-03 20:34:18,923 [INFO] 
############################################################
2026-03-03 20:34:18,947 [INFO] 👥 INICIANDO SESSÃO - CONTA 3/4: @naturalisofc
2026-03-03 20:34:18,948 [INFO] ############################################################
2026-03-03 20:34:18,950 [INFO] 🧹 Fechando processos abertos do Chrome para liberar portas...
2026-03-03 20:34:45,578 [INFO] Feche todas as outras janelas do Chrome antes de rodar este script, se possível.
2026-03-03 20:34:45,578 [INFO] 
############################################################
2026-03-03 20:34:45,578 [INFO] 👥 INICIANDO SESSÃO - CONTA 1/4: @uaijoaquim
2026-03-03 20:34:45,578 [INFO] ############################################################
2026-03-03 20:34:45,578 [INFO] 🧹 Fechando processos abertos do Chrome para liberar portas...
2026-03-03 20:34:47,762 [INFO] 🌐 Iniciando o Chrome de Automação Isolado...
2026-03-03 20:34:47,774 [INFO] ⏳ Aguardando o Chrome iniciar a porta (10s)...
2026-03-03 20:34:57,776 [INFO] ====== WebDriver manager ======
2026-03-03 20:35:00,385 [INFO] Get LATEST chromedriver version for google-chrome
2026-03-03 20:35:01,655 [INFO] Get LATEST chromedriver version for google-chrome
2026-03-03 20:35:02,960 [INFO] Driver [C:\Users\joaqu\.wdm\drivers\chromedriver\win64\145.0.7632.117\chromedriver-win32/chromedriver.exe] found in cache
2026-03-03 20:35:03,531 [INFO] 🔑 Verificando login para a conta: uaijoaquim ...
2026-03-03 20:35:13,210 [WARNING] ⚠️  Erro na automação de login (pode já estar logado ou layout mudou): Message: no such element: Unable to locate element: {"method":"css selector","selector":"input[name='username'], input[type='email'], input#login-username"}
  (Session info: chrome=145.0.7632.117); For documentation on this error, please visit: https://www.selenium.dev/documentation/webdriver/troubleshooting/errors#nosuchelementexception
Stacktrace:
Symbols not available. Dumping unresolved backtrace:
	0xbb7dd3
	0xbb7e14
	0x9c1db0
	0xa0c20a
	0xa0c4ab
	0xa4de32
	0xa2ea84
	0xa4b621
	0xa2e7d6
	0xa00049
	0xa00e04
	0xe16924
	0xe11bf7
	0xe2f5a0
	0xbd0f58
	0xbd891d
	0xbc0648
	0xbc0812
	0xbaa21a
	0x75305d49
	0x7775d83b
	0x7775d7c1

2026-03-03 20:35:13,212 [INFO] 🎬 Processando 5 vídeos listados para a conta @uaijoaquim...
2026-03-03 20:35:13,214 [INFO] 
--------------------------------------------------
2026-03-03 20:35:13,216 [INFO] 📹 Vídeo 1/5: https://rumble.com/v76hqai-karaok-algum-me-chama-pra-beber-ao-vivo.html (@uaijoaquim)
2026-03-03 20:35:13,216 [INFO] ▶️  Abrindo: https://rumble.com/v76hqai-karaok-algum-me-chama-pra-beber-ao-vivo.html
2026-03-03 20:35:20,302 [ERROR] ❌ Erro no vídeo com @uaijoaquim: Message: element not interactable
  (Session info: chrome=145.0.7632.117); For documentation on this error, please visit: https://www.selenium.dev/documentation/webdriver/troubleshooting/errors#elementnotinteractableexception
Stacktrace:
Symbols not available. Dumping unresolved backtrace:
	0xbb7dd3
	0xbb7e14
	0x9c1bee
	0xa0d354
	0xa01e88
	0xa2ea3c
	0xa018c4
	0xa2ec04
	0xa4b621
	0xa2e7d6
	0xa00049
	0xa00e04
	0xe16924
	0xe11bf7
	0xe2f5a0
	0xbd0f58
	0xbd891d
	0xbc0648
	0xbc0812
	0xbaa21a
	0x75305d49
	0x7775d83b
	0x7775d7c1

2026-03-03 20:35:20,303 [INFO] ⏸  Aguardando 6s até o próximo vídeo...
2026-03-03 20:35:26,322 [INFO] 
--------------------------------------------------
2026-03-03 20:35:26,322 [INFO] 📹 Vídeo 2/5: https://rumble.com/v76hp2q-karaok-ai-meu-deus-ao-vivo.html (@uaijoaquim)
2026-03-03 20:35:26,322 [INFO] ▶️  Abrindo: https://rumble.com/v76hp2q-karaok-ai-meu-deus-ao-vivo.html
2026-03-03 20:35:32,945 [ERROR] ❌ Erro no vídeo com @uaijoaquim: Message: element not interactable
  (Session info: chrome=145.0.7632.117); For documentation on this error, please visit: https://www.selenium.dev/documentation/webdriver/troubleshooting/errors#elementnotinteractableexception
Stacktrace:
Symbols not available. Dumping unresolved backtrace:
	0xbb7dd3
	0xbb7e14
	0x9c1bee
	0xa0d354
	0xa01e88
	0xa2ea3c
	0xa018c4
	0xa2ec04
	0xa4b621
	0xa2e7d6
	0xa00049
	0xa00e04
	0xe16924
	0xe11bf7
	0xe2f5a0
	0xbd0f58
	0xbd891d
	0xbc0648
	0xbc0812
	0xbaa21a
	0x75305d49
	0x7775d83b
	0x7775d7c1

2026-03-03 20:35:32,945 [INFO] ⏸  Aguardando 4s até o próximo vídeo...
2026-03-03 20:35:36,750 [INFO] 
--------------------------------------------------
2026-03-03 20:35:36,752 [INFO] 📹 Vídeo 3/5: https://rumble.com/v76hn7u-karaok-a-ltima-por-hugo-and-guilherme.html (@uaijoaquim)
2026-03-03 20:35:36,755 [INFO] ▶️  Abrindo: https://rumble.com/v76hn7u-karaok-a-ltima-por-hugo-and-guilherme.html
2026-03-03 20:35:43,029 [ERROR] ❌ Erro no vídeo com @uaijoaquim: Message: element not interactable
  (Session info: chrome=145.0.7632.117); For documentation on this error, please visit: https://www.selenium.dev/documentation/webdriver/troubleshooting/errors#elementnotinteractableexception
Stacktrace:
Symbols not available. Dumping unresolved backtrace:
	0xbb7dd3
	0xbb7e14
	0x9c1bee
	0xa0d354
	0xa01e88
	0xa2ea3c
	0xa018c4
	0xa2ec04
	0xa4b621
	0xa2e7d6
	0xa00049
	0xa00e04
	0xe16924
	0xe11bf7
	0xe2f5a0
	0xbd0f58
	0xbd891d
	0xbc0648
	0xbc0812
	0xbaa21a
	0x75305d49
	0x7775d83b
	0x7775d7c1

2026-03-03 20:35:43,030 [INFO] ⏸  Aguardando 6s até o próximo vídeo...
2026-03-03 20:35:48,684 [INFO] 
--------------------------------------------------
2026-03-03 20:35:48,685 [INFO] 📹 Vídeo 4/5: https://rumble.com/v76hm66-karaok-a-dor-desse-amor-a-puro-dolor-ao-vivo-por-hugo-and-guilherme.html (@uaijoaquim)
2026-03-03 20:35:48,685 [INFO] ▶️  Abrindo: https://rumble.com/v76hm66-karaok-a-dor-desse-amor-a-puro-dolor-ao-vivo-por-hugo-and-guilherme.html
2026-03-03 20:35:54,917 [ERROR] ❌ Erro no vídeo com @uaijoaquim: Message: invalid session id: session deleted as the browser has closed the connection
from disconnected: not connected to DevTools
  (Session info: chrome=145.0.7632.117); For documentation on this error, please visit: https://www.selenium.dev/documentation/webdriver/troubleshooting/errors#invalidsessionidexception
Stacktrace:
Symbols not available. Dumping unresolved backtrace:
	0xbb7dd3
	0xbb7e14
	0x9c1db0
	0x9b0d4e
	0x9cf895
	0xa352ec
	0xa4b0d9
	0xa2e7d6
	0xa00049
	0xa00e04
	0xe16924
	0xe11bf7
	0xe2f5a0
	0xbd0f58
	0xbd891d
	0xbc0648
	0xbc0812
	0xbaa21a
	0x75305d49
	0x7775d83b
	0x7775d7c1

2026-03-03 20:35:54,917 [INFO] ⏸  Aguardando 6s até o próximo vídeo...
2026-03-03 20:36:00,767 [INFO] 
--------------------------------------------------
2026-03-03 20:36:00,767 [INFO] 📹 Vídeo 5/5: https://rumble.com/v76hl3e-karaok-100-ao-vivo-por-hugo-and-guilherme.html (@uaijoaquim)
2026-03-03 20:36:00,768 [INFO] ▶️  Abrindo: https://rumble.com/v76hl3e-karaok-100-ao-vivo-por-hugo-and-guilherme.html
2026-03-03 20:36:00,770 [ERROR] ❌ Erro no vídeo com @uaijoaquim: Message: invalid session id; For documentation on this error, please visit: https://www.selenium.dev/documentation/webdriver/troubleshooting/errors#invalidsessionidexception
Stacktrace:
Symbols not available. Dumping unresolved backtrace:
	0xbb7dd3
	0xbb7e14
	0x9c1bee
	0x9ff2d5
	0xa2e8f6
	0xa2a491
	0xa29ab2
	0x99500e
	0x9955ae
	0x995a8d
	0xe16924
	0xe11bf7
	0xe2f5a0
	0xbd0f58
	0xbd891d
	0x994c69
	0x9942b0
	0xf7876f
	0x75305d49
	0x7775d83b
	0x7775d7c1

2026-03-03 20:36:00,771 [INFO] 🚪 Tarefas concluídas para @uaijoaquim. Encerrando navegador do perfil...
2026-03-03 20:36:02,796 [INFO] ⏸ Aguardando 10s antes de trocar de conta...

2026-03-03 20:36:12,798 [INFO] 
############################################################
2026-03-03 20:36:12,801 [INFO] 👥 INICIANDO SESSÃO - CONTA 2/4: @joaquimcruz
2026-03-03 20:36:12,801 [INFO] ############################################################
2026-03-03 20:36:12,803 [INFO] 🧹 Fechando processos abertos do Chrome para liberar portas...
2026-03-03 20:36:15,205 [INFO] 🌐 Iniciando o Chrome de Automação Isolado...
2026-03-03 20:36:15,230 [INFO] ⏳ Aguardando o Chrome iniciar a porta (10s)...
2026-03-03 20:36:25,232 [INFO] ====== WebDriver manager ======
2026-03-03 20:36:27,240 [INFO] Get LATEST chromedriver version for google-chrome
2026-03-03 20:36:28,367 [INFO] Get LATEST chromedriver version for google-chrome
2026-03-03 20:36:29,596 [INFO] Driver [C:\Users\joaqu\.wdm\drivers\chromedriver\win64\145.0.7632.117\chromedriver-win32/chromedriver.exe] found in cache
2026-03-03 20:36:30,186 [INFO] 🔑 Verificando login para a conta: joaquimcruz ...
2026-03-03 20:36:39,678 [WARNING] ⚠️  Erro na automação de login (pode já estar logado ou layout mudou): Message: no such element: Unable to locate element: {"method":"css selector","selector":"input[name='username'], input[type='email'], input#login-username"}
  (Session info: chrome=145.0.7632.117); For documentation on this error, please visit: https://www.selenium.dev/documentation/webdriver/troubleshooting/errors#nosuchelementexception
Stacktrace:
Symbols not available. Dumping unresolved backtrace:
	0xbb7dd3
	0xbb7e14
	0x9c1db0
	0xa0c20a
	0xa0c4ab
	0xa4de32
	0xa2ea84
	0xa4b621
	0xa2e7d6
	0xa00049
	0xa00e04
	0xe16924
	0xe11bf7
	0xe2f5a0
	0xbd0f58
	0xbd891d
	0xbc0648
	0xbc0812
	0xbaa21a
	0x75305d49
	0x7775d83b
	0x7775d7c1

2026-03-03 20:36:39,679 [INFO] 🎬 Processando 5 vídeos listados para a conta @joaquimcruz...
2026-03-03 20:36:39,680 [INFO] 
--------------------------------------------------
2026-03-03 20:36:39,680 [INFO] 📹 Vídeo 1/5: https://rumble.com/v76hqai-karaok-algum-me-chama-pra-beber-ao-vivo.html (@joaquimcruz)
2026-03-03 20:36:39,680 [INFO] ▶️  Abrindo: https://rumble.com/v76hqai-karaok-algum-me-chama-pra-beber-ao-vivo.html
2026-03-03 20:36:51,017 [INFO] ⏱  Assistindo os primeiros 10s para liberar os botões (duração total: 238s)...
2026-03-03 20:37:01,116 [INFO] ✅ Visualização inicial concluída.
2026-03-03 20:37:02,847 [INFO] 👍 Like dado via injeção JavaScript (Novo Layout)!
2026-03-03 20:37:03,904 [INFO] 👤 Canal possivelmente já seguido (ou botão não encontrado).
2026-03-03 20:37:21,234 [INFO] 💬 Comentário enviado via botão JS: "Incrível! Aprendi bastante com esse vídeo. x"
2026-03-03 20:37:21,236 [INFO] ⏳ Terminando de assistir o restante do vídeo (196s)...
2026-03-03 20:39:52,556 [INFO] ⏩ Player indicou fim do vídeo antecipadamente.
2026-03-03 20:39:52,556 [INFO] ✅ Vídeo finalizado por completo pela conta @joaquimcruz!
2026-03-03 20:39:52,557 [INFO] ⏸  Aguardando 6s até o próximo vídeo...
2026-03-03 20:39:58,329 [INFO] 
--------------------------------------------------
2026-03-03 20:39:58,329 [INFO] 📹 Vídeo 2/5: https://rumble.com/v76hp2q-karaok-ai-meu-deus-ao-vivo.html (@joaquimcruz)
2026-03-03 20:39:58,329 [INFO] ▶️  Abrindo: https://rumble.com/v76hp2q-karaok-ai-meu-deus-ao-vivo.html
2026-03-03 20:40:10,145 [INFO] ⏱  Assistindo os primeiros 10s para liberar os botões (duração total: 169s)...
2026-03-03 20:40:20,214 [INFO] ✅ Visualização inicial concluída.
2026-03-03 20:40:22,167 [INFO] 👍 Like dado via injeção JavaScript (Novo Layout)!
2026-03-03 20:40:23,616 [INFO] 👤 Canal possivelmente já seguido (ou botão não encontrado).
2026-03-03 20:40:39,599 [INFO] 💬 Comentário enviado via botão JS: "Vídeo excelente, direto ao ponto!! rh"
2026-03-03 20:40:39,603 [INFO] ⏳ Terminando de assistir o restante do vídeo (127s)...
2026-03-03 20:42:20,605 [INFO] ⏩ Player indicou fim do vídeo antecipadamente.
2026-03-03 20:42:20,611 [INFO] ✅ Vídeo finalizado por completo pela conta @joaquimcruz!
2026-03-03 20:42:20,612 [INFO] ⏸  Aguardando 6s até o próximo vídeo...
2026-03-03 20:42:26,604 [INFO] 
--------------------------------------------------
2026-03-03 20:42:26,604 [INFO] 📹 Vídeo 3/5: https://rumble.com/v76hn7u-karaok-a-ltima-por-hugo-and-guilherme.html (@joaquimcruz)
2026-03-03 20:42:26,604 [INFO] ▶️  Abrindo: https://rumble.com/v76hn7u-karaok-a-ltima-por-hugo-and-guilherme.html
2026-03-03 20:42:38,290 [INFO] ⏱  Assistindo os primeiros 10s para liberar os botões (duração total: 174s)...
2026-03-03 20:42:48,418 [INFO] ✅ Visualização inicial concluída.
2026-03-03 20:42:49,578 [INFO] 👍 Like dado via injeção JavaScript (Novo Layout)!
2026-03-03 20:42:51,496 [INFO] 👤 Canal possivelmente já seguido (ou botão não encontrado).
2026-03-03 20:43:07,713 [INFO] 💬 Comentário enviado via botão JS: "Que conteúdo bacana! Valeu pela dica. 🎉 k"
2026-03-03 20:43:07,713 [INFO] ⏳ Terminando de assistir o restante do vídeo (132s)...
2026-03-03 20:45:08,818 [INFO] ⏩ Player indicou fim do vídeo antecipadamente.
2026-03-03 20:45:08,818 [INFO] ✅ Vídeo finalizado por completo pela conta @joaquimcruz!
2026-03-03 20:45:08,818 [INFO] ⏸  Aguardando 4s até o próximo vídeo...
2026-03-03 20:45:13,300 [INFO] 
--------------------------------------------------
2026-03-03 20:45:13,300 [INFO] 📹 Vídeo 4/5: https://rumble.com/v76hm66-karaok-a-dor-desse-amor-a-puro-dolor-ao-vivo-por-hugo-and-guilherme.html (@joaquimcruz)
2026-03-03 20:45:13,300 [INFO] ▶️  Abrindo: https://rumble.com/v76hm66-karaok-a-dor-desse-amor-a-puro-dolor-ao-vivo-por-hugo-and-guilherme.html
2026-03-03 20:45:24,728 [INFO] ⏱  Assistindo os primeiros 10s para liberar os botões (duração total: 187s)...
2026-03-03 20:45:34,848 [INFO] ✅ Visualização inicial concluída.
2026-03-03 20:45:35,909 [INFO] 👍 Like dado via injeção JavaScript (Novo Layout)!
2026-03-03 20:45:37,343 [INFO] 👤 Canal possivelmente já seguido (ou botão não encontrado).
2026-03-03 20:45:52,366 [INFO] 💬 Comentário enviado via botão JS: "Top demais! 🔥 Valeu! wk"
2026-03-03 20:45:52,369 [INFO] ⏳ Terminando de assistir o restante do vídeo (147s)...
2026-03-03 20:48:23,807 [INFO] ✅ Vídeo finalizado por completo pela conta @joaquimcruz!
2026-03-03 20:48:23,807 [INFO] ⏸  Aguardando 5s até o próximo vídeo...
2026-03-03 20:48:28,314 [INFO] 
--------------------------------------------------
2026-03-03 20:48:28,316 [INFO] 📹 Vídeo 5/5: https://rumble.com/v76hl3e-karaok-100-ao-vivo-por-hugo-and-guilherme.html (@joaquimcruz)
2026-03-03 20:48:28,318 [INFO] ▶️  Abrindo: https://rumble.com/v76hl3e-karaok-100-ao-vivo-por-hugo-and-guilherme.html
2026-03-03 20:48:39,904 [INFO] ⏱  Assistindo os primeiros 10s para liberar os botões (duração total: 179s)...
2026-03-03 20:48:49,966 [INFO] ✅ Visualização inicial concluída.
2026-03-03 20:48:51,896 [INFO] 👍 Like dado via injeção JavaScript (Novo Layout)!
2026-03-03 20:48:53,765 [INFO] 👤 Canal possivelmente já seguido (ou botão não encontrado).
2026-03-03 20:49:09,489 [INFO] 💬 Comentário enviado via botão JS: "Muito bom! Já compartilhei com meus amigos.!"
2026-03-03 20:49:09,491 [INFO] ⏳ Terminando de assistir o restante do vídeo (137s)...
2026-03-03 20:51:30,840 [INFO] ✅ Vídeo finalizado por completo pela conta @joaquimcruz!
2026-03-03 20:51:30,840 [INFO] 🚪 Tarefas concluídas para @joaquimcruz. Encerrando navegador do perfil...
2026-03-03 20:51:32,876 [INFO] ⏸ Aguardando 10s antes de trocar de conta...

2026-03-03 20:51:42,880 [INFO] 
############################################################
2026-03-03 20:51:42,880 [INFO] 👥 INICIANDO SESSÃO - CONTA 3/4: @naturalisofc
2026-03-03 20:51:42,880 [INFO] ############################################################
2026-03-03 20:51:42,880 [INFO] 🧹 Fechando processos abertos do Chrome para liberar portas...
2026-03-03 20:51:45,253 [INFO] 🌐 Iniciando o Chrome de Automação Isolado...
2026-03-03 20:51:45,284 [INFO] ⏳ Aguardando o Chrome iniciar a porta (10s)...
2026-03-03 20:51:55,285 [INFO] ====== WebDriver manager ======
2026-03-03 20:51:57,278 [INFO] Get LATEST chromedriver version for google-chrome
2026-03-03 20:51:58,416 [INFO] Get LATEST chromedriver version for google-chrome
2026-03-03 20:51:59,942 [INFO] Driver [C:\Users\joaqu\.wdm\drivers\chromedriver\win64\145.0.7632.117\chromedriver-win32/chromedriver.exe] found in cache
2026-03-03 20:52:00,512 [INFO] 🔑 Verificando login para a conta: naturalisofc ...
2026-03-03 20:52:20,229 [INFO] ✅ Cloudflare superado.
2026-03-03 20:52:27,690 [INFO] 🔑 Credenciais enviadas. Aguardando processamento...
2026-03-03 20:52:36,416 [INFO] ✅ Nova Sessão efetuada com sucesso para 'naturalisofc'!
2026-03-03 20:52:36,416 [INFO] 🎬 Processando 5 vídeos listados para a conta @naturalisofc...
2026-03-03 20:52:36,417 [INFO] 
--------------------------------------------------
2026-03-03 20:52:36,417 [INFO] 📹 Vídeo 1/5: https://rumble.com/v76hqai-karaok-algum-me-chama-pra-beber-ao-vivo.html (@naturalisofc)
2026-03-03 20:52:36,418 [INFO] ▶️  Abrindo: https://rumble.com/v76hqai-karaok-algum-me-chama-pra-beber-ao-vivo.html
2026-03-03 20:52:48,597 [INFO] ⏱  Assistindo os primeiros 10s para liberar os botões (duração total: 238s)...
2026-03-03 20:52:58,666 [INFO] ✅ Visualização inicial concluída.
2026-03-03 20:53:00,259 [INFO] 👍 Like dado via injeção JavaScript (Novo Layout)!
2026-03-03 20:53:02,273 [INFO] 👤 Canal possivelmente já seguido (ou botão não encontrado).
2026-03-03 20:53:16,823 [INFO] 💬 Comentário enviado via botão JS: "Muito bom mesmo! Esperando o próximo. 🙌"
2026-03-03 20:53:16,825 [INFO] ⏳ Terminando de assistir o restante do vídeo (197s)...
2026-03-03 20:56:38,663 [INFO] ✅ Vídeo finalizado por completo pela conta @naturalisofc!
2026-03-03 20:56:38,664 [INFO] ⏸  Aguardando 5s até o próximo vídeo...
2026-03-03 20:56:44,081 [INFO] 
--------------------------------------------------
2026-03-03 20:56:44,081 [INFO] 📹 Vídeo 2/5: https://rumble.com/v76hp2q-karaok-ai-meu-deus-ao-vivo.html (@naturalisofc)
2026-03-03 20:56:44,081 [INFO] ▶️  Abrindo: https://rumble.com/v76hp2q-karaok-ai-meu-deus-ao-vivo.html
2026-03-03 20:56:55,718 [INFO] ⏱  Assistindo os primeiros 10s para liberar os botões (duração total: 169s)...
2026-03-03 20:57:05,786 [INFO] ✅ Visualização inicial concluída.
2026-03-03 20:57:07,186 [INFO] 👍 Like dado via injeção JavaScript (Novo Layout)!
2026-03-03 20:57:08,818 [INFO] 👤 Canal possivelmente já seguido (ou botão não encontrado).
2026-03-03 20:57:24,906 [INFO] 💬 Comentário enviado via botão JS: "Excelente trabalho, parabéns! 🎉 g"
2026-03-03 20:57:24,906 [INFO] ⏳ Terminando de assistir o restante do vídeo (128s)...
2026-03-03 20:59:36,146 [INFO] ✅ Vídeo finalizado por completo pela conta @naturalisofc!
2026-03-03 20:59:36,146 [INFO] ⏸  Aguardando 4s até o próximo vídeo...
2026-03-03 20:59:40,039 [INFO] 
--------------------------------------------------
2026-03-03 20:59:40,039 [INFO] 📹 Vídeo 3/5: https://rumble.com/v76hn7u-karaok-a-ltima-por-hugo-and-guilherme.html (@naturalisofc)
2026-03-03 20:59:40,039 [INFO] ▶️  Abrindo: https://rumble.com/v76hn7u-karaok-a-ltima-por-hugo-and-guilherme.html
2026-03-03 20:59:51,651 [INFO] ⏱  Assistindo os primeiros 10s para liberar os botões (duração total: 174s)...
2026-03-03 21:00:01,723 [INFO] ✅ Visualização inicial concluída.
2026-03-03 21:00:03,697 [INFO] 👍 Like dado via injeção JavaScript (Novo Layout)!
2026-03-03 21:00:05,587 [INFO] 👤 Canal possivelmente já seguido (ou botão não encontrado).
2026-03-03 21:00:22,126 [INFO] 💬 Comentário enviado via botão JS: "Conteúdo de qualidade, gostei muito! ✅"
2026-03-03 21:00:22,128 [INFO] ⏳ Terminando de assistir o restante do vídeo (131s)...
2026-03-03 21:02:38,407 [INFO] ✅ Vídeo finalizado por completo pela conta @naturalisofc!
2026-03-03 21:02:38,408 [INFO] ⏸  Aguardando 4s até o próximo vídeo...
2026-03-03 21:02:42,034 [INFO] 
--------------------------------------------------
2026-03-03 21:02:42,034 [INFO] 📹 Vídeo 4/5: https://rumble.com/v76hm66-karaok-a-dor-desse-amor-a-puro-dolor-ao-vivo-por-hugo-and-guilherme.html (@naturalisofc)
2026-03-03 21:02:42,037 [INFO] ▶️  Abrindo: https://rumble.com/v76hm66-karaok-a-dor-desse-amor-a-puro-dolor-ao-vivo-por-hugo-and-guilherme.html
2026-03-03 21:02:53,735 [INFO] ⏱  Assistindo os primeiros 10s para liberar os botões (duração total: 187s)...
2026-03-03 21:03:03,787 [INFO] ✅ Visualização inicial concluída.
2026-03-03 21:03:05,088 [INFO] 👍 Like dado via injeção JavaScript (Novo Layout)!
2026-03-03 21:03:06,886 [INFO] 👤 Canal possivelmente já seguido (ou botão não encontrado).
2026-03-03 21:03:22,931 [INFO] 💬 Comentário enviado via botão JS: "Muito informativo, obrigado! Obrigado! g"
2026-03-03 21:03:22,931 [INFO] ⏳ Terminando de assistir o restante do vídeo (146s)...
2026-03-03 21:05:54,068 [INFO] ✅ Vídeo finalizado por completo pela conta @naturalisofc!
2026-03-03 21:05:54,068 [INFO] ⏸  Aguardando 6s até o próximo vídeo...
2026-03-03 21:06:00,010 [INFO] 
--------------------------------------------------
2026-03-03 21:06:00,010 [INFO] 📹 Vídeo 5/5: https://rumble.com/v76hl3e-karaok-100-ao-vivo-por-hugo-and-guilherme.html (@naturalisofc)
2026-03-03 21:06:00,016 [INFO] ▶️  Abrindo: https://rumble.com/v76hl3e-karaok-100-ao-vivo-por-hugo-and-guilherme.html
2026-03-03 21:06:12,128 [INFO] ⏱  Assistindo os primeiros 10s para liberar os botões (duração total: 179s)...
2026-03-03 21:06:22,173 [INFO] ✅ Visualização inicial concluída.
2026-03-03 21:06:23,454 [INFO] 👍 Like dado via injeção JavaScript (Novo Layout)!
2026-03-03 21:06:24,759 [INFO] 👤 Canal possivelmente já seguido (ou botão não encontrado).
2026-03-03 21:06:42,109 [INFO] 💬 Comentário enviado via botão JS: "Muito relevante, parabéns pela dedicação! 🎉 k"
2026-03-03 21:06:42,111 [INFO] ⏳ Terminando de assistir o restante do vídeo (136s)...
2026-03-03 21:09:03,264 [INFO] ✅ Vídeo finalizado por completo pela conta @naturalisofc!
2026-03-03 21:09:03,264 [INFO] 🚪 Tarefas concluídas para @naturalisofc. Encerrando navegador do perfil...
2026-03-03 21:09:05,293 [INFO] ⏸ Aguardando 10s antes de trocar de conta...

2026-03-03 21:09:15,295 [INFO] 
############################################################
2026-03-03 21:09:15,295 [INFO] 👥 INICIANDO SESSÃO - CONTA 4/4: @realstories
2026-03-03 21:09:15,296 [INFO] ############################################################
2026-03-03 21:09:15,296 [INFO] 🧹 Fechando processos abertos do Chrome para liberar portas...
2026-03-03 21:09:17,721 [INFO] 🌐 Iniciando o Chrome de Automação Isolado...
2026-03-03 21:09:17,752 [INFO] ⏳ Aguardando o Chrome iniciar a porta (10s)...
2026-03-03 21:09:27,753 [INFO] ====== WebDriver manager ======
2026-03-03 21:09:29,770 [INFO] Get LATEST chromedriver version for google-chrome
2026-03-03 21:09:31,044 [INFO] Get LATEST chromedriver version for google-chrome
2026-03-03 21:09:32,436 [INFO] Driver [C:\Users\joaqu\.wdm\drivers\chromedriver\win64\145.0.7632.117\chromedriver-win32/chromedriver.exe] found in cache
2026-03-03 21:09:33,638 [INFO] 🔑 Verificando login para a conta: realstories ...
2026-03-03 21:10:07,259 [INFO] ✅ Cloudflare superado.
2026-03-03 21:10:14,752 [INFO] 🔑 Credenciais enviadas. Aguardando processamento...
2026-03-03 21:10:25,790 [INFO] ✅ Nova Sessão efetuada com sucesso para 'realstories'!
2026-03-03 21:10:25,791 [INFO] 🎬 Processando 5 vídeos listados para a conta @realstories...
2026-03-03 21:10:25,791 [INFO] 
--------------------------------------------------
2026-03-03 21:10:25,791 [INFO] 📹 Vídeo 1/5: https://rumble.com/v76hqai-karaok-algum-me-chama-pra-beber-ao-vivo.html (@realstories)
2026-03-03 21:10:25,792 [INFO] ▶️  Abrindo: https://rumble.com/v76hqai-karaok-algum-me-chama-pra-beber-ao-vivo.html
2026-03-03 21:10:37,072 [INFO] ⏱  Assistindo os primeiros 10s para liberar os botões (duração total: 238s)...
2026-03-03 21:10:47,114 [INFO] ✅ Visualização inicial concluída.
2026-03-03 21:10:48,184 [INFO] 👍 Like dado via injeção JavaScript (Novo Layout)!
2026-03-03 21:10:50,043 [INFO] 👤 Canal possivelmente já seguido (ou botão não encontrado).
2026-03-03 21:11:06,238 [INFO] 💬 Comentário enviado via botão JS: "Ótimo vídeo! Continue postando. 🎉"
2026-03-03 21:11:06,240 [INFO] ⏳ Terminando de assistir o restante do vídeo (197s)...
2026-03-03 21:14:28,197 [INFO] ✅ Vídeo finalizado por completo pela conta @realstories!
2026-03-03 21:14:28,199 [INFO] ⏸  Aguardando 3s até o próximo vídeo...
2026-03-03 21:14:31,407 [INFO] 
--------------------------------------------------
2026-03-03 21:14:31,407 [INFO] 📹 Vídeo 2/5: https://rumble.com/v76hp2q-karaok-ai-meu-deus-ao-vivo.html (@realstories)
2026-03-03 21:14:31,409 [INFO] ▶️  Abrindo: https://rumble.com/v76hp2q-karaok-ai-meu-deus-ao-vivo.html
2026-03-03 21:14:43,421 [INFO] ⏱  Assistindo os primeiros 10s para liberar os botões (duração total: 169s)...
2026-03-03 21:14:53,515 [INFO] ✅ Visualização inicial concluída.
2026-03-03 21:14:54,879 [INFO] 👍 Like dado via injeção JavaScript (Novo Layout)!
2026-03-03 21:14:56,328 [INFO] 👤 Canal possivelmente já seguido (ou botão não encontrado).
2026-03-03 21:15:13,189 [INFO] 💬 Comentário enviado via botão JS: "Continue assim, sempre bom conteúdo! Valeu! s"
2026-03-03 21:15:13,189 [INFO] ⏳ Terminando de assistir o restante do vídeo (127s)...
2026-03-03 21:17:24,459 [INFO] ✅ Vídeo finalizado por completo pela conta @realstories!
2026-03-03 21:17:24,459 [INFO] ⏸  Aguardando 4s até o próximo vídeo...
2026-03-03 21:17:28,022 [INFO] 
--------------------------------------------------
2026-03-03 21:17:28,022 [INFO] 📹 Vídeo 3/5: https://rumble.com/v76hn7u-karaok-a-ltima-por-hugo-and-guilherme.html (@realstories)
2026-03-03 21:17:28,022 [INFO] ▶️  Abrindo: https://rumble.com/v76hn7u-karaok-a-ltima-por-hugo-and-guilherme.html
2026-03-03 21:17:39,568 [INFO] ⏱  Assistindo os primeiros 10s para liberar os botões (duração total: 174s)...
2026-03-03 21:17:49,623 [INFO] ✅ Visualização inicial concluída.
2026-03-03 21:17:51,362 [INFO] 👍 Like dado via injeção JavaScript (Novo Layout)!
2026-03-03 21:17:52,551 [INFO] 👤 Canal possivelmente já seguido (ou botão não encontrado).
2026-03-03 21:18:10,142 [INFO] 💬 Comentário enviado via botão JS: "Sensacional! Continua com esse conteúdo. 🎉 o"
2026-03-03 21:18:10,143 [INFO] ⏳ Terminando de assistir o restante do vídeo (131s)...
2026-03-03 21:20:26,555 [INFO] ✅ Vídeo finalizado por completo pela conta @realstories!
2026-03-03 21:20:26,561 [INFO] ⏸  Aguardando 6s até o próximo vídeo...
2026-03-03 21:20:32,514 [INFO] 
--------------------------------------------------
2026-03-03 21:20:32,516 [INFO] 📹 Vídeo 4/5: https://rumble.com/v76hm66-karaok-a-dor-desse-amor-a-puro-dolor-ao-vivo-por-hugo-and-guilherme.html (@realstories)
2026-03-03 21:20:32,516 [INFO] ▶️  Abrindo: https://rumble.com/v76hm66-karaok-a-dor-desse-amor-a-puro-dolor-ao-vivo-por-hugo-and-guilherme.html
2026-03-03 21:20:43,636 [INFO] ⏱  Assistindo os primeiros 10s para liberar os botões (duração total: 187s)...
2026-03-03 21:20:53,704 [INFO] ✅ Visualização inicial concluída.
2026-03-03 21:20:55,017 [INFO] 👍 Like dado via injeção JavaScript (Novo Layout)!
2026-03-03 21:20:56,217 [INFO] 👤 Canal possivelmente já seguido (ou botão não encontrado).
2026-03-03 21:21:10,396 [INFO] 💬 Comentário enviado via botão JS: "Muito informativo, obrigado! g"
2026-03-03 21:21:10,396 [INFO] ⏳ Terminando de assistir o restante do vídeo (149s)...
2026-03-03 21:23:41,863 [INFO] ✅ Vídeo finalizado por completo pela conta @realstories!
2026-03-03 21:23:41,865 [INFO] ⏸  Aguardando 6s até o próximo vídeo...
2026-03-03 21:23:47,467 [INFO] 
--------------------------------------------------
2026-03-03 21:23:47,468 [INFO] 📹 Vídeo 5/5: https://rumble.com/v76hl3e-karaok-100-ao-vivo-por-hugo-and-guilherme.html (@realstories)
2026-03-03 21:23:47,469 [INFO] ▶️  Abrindo: https://rumble.com/v76hl3e-karaok-100-ao-vivo-por-hugo-and-guilherme.html
2026-03-03 21:23:59,480 [INFO] ⏱  Assistindo os primeiros 10s para liberar os botões (duração total: 179s)...
2026-03-03 21:24:09,530 [INFO] ✅ Visualização inicial concluída.
2026-03-03 21:24:10,999 [INFO] 👍 Like dado via injeção JavaScript (Novo Layout)!
2026-03-03 21:24:12,762 [INFO] 👤 Canal possivelmente já seguido (ou botão não encontrado).
2026-03-03 21:24:29,408 [INFO] 💬 Comentário enviado via botão JS: "Vídeo excelente, direto ao ponto!!"
2026-03-03 21:24:29,410 [INFO] ⏳ Terminando de assistir o restante do vídeo (137s)...
2026-03-03 21:26:50,856 [INFO] ✅ Vídeo finalizado por completo pela conta @realstories!
2026-03-03 21:26:50,858 [INFO] 🚪 Tarefas concluídas para @realstories. Encerrando navegador do perfil...
2026-03-03 21:26:52,899 [INFO] 🏁 Automação Multi-Conta Finalizada! Todos os vídeos vistos por todas as contas.
2026-03-03 21:28:07,554 [INFO] Feche todas as outras janelas do Chrome antes de rodar este script, se possível.
2026-03-03 21:28:07,554 [INFO] 
############################################################
2026-03-03 21:28:07,554 [INFO] 👥 INICIANDO SESSÃO - CONTA 1/4: @uaijoaquim
2026-03-03 21:28:07,554 [INFO] ############################################################
2026-03-03 21:28:07,554 [INFO] 🧹 Fechando processos abertos do Chrome para liberar portas...
2026-03-03 21:28:09,917 [INFO] 🌐 Iniciando o Chrome de Automação Isolado...
2026-03-03 21:28:09,944 [INFO] ⏳ Aguardando o Chrome iniciar a porta (10s)...
2026-03-03 21:28:19,947 [INFO] ====== WebDriver manager ======
2026-03-03 21:28:22,162 [INFO] Get LATEST chromedriver version for google-chrome
2026-03-03 21:28:23,382 [INFO] Get LATEST chromedriver version for google-chrome
2026-03-03 21:28:24,487 [INFO] Driver [C:\Users\joaqu\.wdm\drivers\chromedriver\win64\145.0.7632.117\chromedriver-win32/chromedriver.exe] found in cache
2026-03-03 21:28:25,086 [INFO] 🔑 Verificando login para a conta: uaijoaquim ...
2026-03-03 21:28:36,688 [WARNING] ⚠️  Erro na automação de login (pode já estar logado ou layout mudou): Message: no such element: Unable to locate element: {"method":"css selector","selector":"input[name='username'], input[type='email'], input#login-username"}
  (Session info: chrome=145.0.7632.117); For documentation on this error, please visit: https://www.selenium.dev/documentation/webdriver/troubleshooting/errors#nosuchelementexception
Stacktrace:
Symbols not available. Dumping unresolved backtrace:
	0xbb7dd3
	0xbb7e14
	0x9c1db0
	0xa0c20a
	0xa0c4ab
	0xa4de32
	0xa2ea84
	0xa4b621
	0xa2e7d6
	0xa00049
	0xa00e04
	0xe16924
	0xe11bf7
	0xe2f5a0
	0xbd0f58
	0xbd891d
	0xbc0648
	0xbc0812
	0xbaa21a
	0x75305d49
	0x7775d83b
	0x7775d7c1

2026-03-03 21:28:36,689 [INFO] 🎬 Processando 2 vídeos listados para a conta @uaijoaquim...
2026-03-03 21:28:36,689 [INFO] 
--------------------------------------------------
2026-03-03 21:28:36,690 [INFO] 📹 Vídeo 1/2: https://rumble.com/v76hk18-karaok-sempre-assim-ao-vivo.html (@uaijoaquim)
2026-03-03 21:28:36,690 [INFO] ▶️  Abrindo: https://rumble.com/v76hk18-karaok-sempre-assim-ao-vivo.html
2026-03-03 21:28:48,000 [INFO] ⏱  Assistindo os primeiros 10s para liberar os botões (duração total: 161s)...
2026-03-03 21:28:58,082 [INFO] ✅ Visualização inicial concluída.
2026-03-03 21:28:59,168 [INFO] 👍 Like dado via injeção JavaScript (Novo Layout)!
2026-03-03 21:29:00,358 [INFO] 👤 Canal possivelmente já seguido (ou botão não encontrado).
2026-03-03 21:29:19,719 [INFO] 💬 Comentário enviado via botão JS: "Simplesmente fantástico. Inscreve no canal de quem vê! 👏! n"
2026-03-03 21:29:19,720 [INFO] ⏳ Terminando de assistir o restante do vídeo (117s)...
2026-03-03 21:30:55,580 [INFO] ⏩ Player indicou fim do vídeo antecipadamente.
2026-03-03 21:30:55,580 [INFO] ✅ Vídeo finalizado por completo pela conta @uaijoaquim!
2026-03-03 21:30:55,581 [INFO] ⏸  Aguardando 5s até o próximo vídeo...
2026-03-03 21:31:00,409 [INFO] 
--------------------------------------------------
2026-03-03 21:31:00,409 [INFO] 📹 Vídeo 2/2: https://rumble.com/v76hiq6-karaok-mordida-de-amor-love-bites-ao-vivo.html (@uaijoaquim)
2026-03-03 21:31:00,410 [INFO] ▶️  Abrindo: https://rumble.com/v76hiq6-karaok-mordida-de-amor-love-bites-ao-vivo.html
2026-03-03 21:31:11,734 [INFO] ⏱  Assistindo os primeiros 10s para liberar os botões (duração total: 143s)...
2026-03-03 21:31:21,778 [INFO] ✅ Visualização inicial concluída.
2026-03-03 21:31:23,260 [INFO] 👍 Like dado via injeção JavaScript (Novo Layout)!
2026-03-03 21:31:24,330 [INFO] 👤 Canal possivelmente já seguido (ou botão não encontrado).
2026-03-03 21:31:41,946 [INFO] 💬 Comentário enviado via botão JS: "Adorei o conteúdo, muito esclarecedor! 🔥"
2026-03-03 21:31:41,948 [INFO] ⏳ Terminando de assistir o restante do vídeo (101s)...
2026-03-03 21:33:27,995 [INFO] ✅ Vídeo finalizado por completo pela conta @uaijoaquim!
2026-03-03 21:33:27,996 [INFO] 🚪 Tarefas concluídas para @uaijoaquim. Encerrando navegador do perfil...
2026-03-03 21:33:30,040 [INFO] ⏸ Aguardando 10s antes de trocar de conta...

2026-03-03 21:33:40,042 [INFO] 
############################################################
2026-03-03 21:33:40,042 [INFO] 👥 INICIANDO SESSÃO - CONTA 2/4: @joaquimcruz
2026-03-03 21:33:40,043 [INFO] ############################################################
2026-03-03 21:33:40,043 [INFO] 🧹 Fechando processos abertos do Chrome para liberar portas...
2026-03-03 21:33:42,518 [INFO] 🌐 Iniciando o Chrome de Automação Isolado...
2026-03-03 21:33:42,547 [INFO] ⏳ Aguardando o Chrome iniciar a porta (10s)...
2026-03-03 21:33:52,549 [INFO] ====== WebDriver manager ======
2026-03-03 21:33:54,606 [INFO] Get LATEST chromedriver version for google-chrome
2026-03-03 21:33:55,828 [INFO] Get LATEST chromedriver version for google-chrome
2026-03-03 21:33:57,026 [INFO] Driver [C:\Users\joaqu\.wdm\drivers\chromedriver\win64\145.0.7632.117\chromedriver-win32/chromedriver.exe] found in cache
2026-03-03 21:33:57,619 [INFO] 🔑 Verificando login para a conta: joaquimcruz ...
2026-03-03 21:34:09,923 [WARNING] ⚠️  Erro na automação de login (pode já estar logado ou layout mudou): Message: no such element: Unable to locate element: {"method":"css selector","selector":"input[name='username'], input[type='email'], input#login-username"}
  (Session info: chrome=145.0.7632.117); For documentation on this error, please visit: https://www.selenium.dev/documentation/webdriver/troubleshooting/errors#nosuchelementexception
Stacktrace:
Symbols not available. Dumping unresolved backtrace:
	0xbb7dd3
	0xbb7e14
	0x9c1db0
	0xa0c20a
	0xa0c4ab
	0xa4de32
	0xa2ea84
	0xa4b621
	0xa2e7d6
	0xa00049
	0xa00e04
	0xe16924
	0xe11bf7
	0xe2f5a0
	0xbd0f58
	0xbd891d
	0xbc0648
	0xbc0812
	0xbaa21a
	0x75305d49
	0x7775d83b
	0x7775d7c1

2026-03-03 21:34:09,924 [INFO] 🎬 Processando 2 vídeos listados para a conta @joaquimcruz...
2026-03-03 21:34:09,924 [INFO] 
--------------------------------------------------
2026-03-03 21:34:09,925 [INFO] 📹 Vídeo 1/2: https://rumble.com/v76hk18-karaok-sempre-assim-ao-vivo.html (@joaquimcruz)
2026-03-03 21:34:09,925 [INFO] ▶️  Abrindo: https://rumble.com/v76hk18-karaok-sempre-assim-ao-vivo.html
2026-03-03 21:34:21,610 [INFO] ⏱  Assistindo os primeiros 10s para liberar os botões (duração total: 161s)...
2026-03-03 21:34:31,775 [INFO] ✅ Visualização inicial concluída.
2026-03-03 21:34:32,998 [INFO] 👍 Like dado via injeção JavaScript (Novo Layout)!
2026-03-03 21:34:34,303 [INFO] 👤 Canal possivelmente já seguido (ou botão não encontrado).
2026-03-03 21:34:50,407 [INFO] 💬 Comentário enviado via botão JS: "Continue assim, sempre bom conteúdo! 🙌 bg"
2026-03-03 21:34:50,411 [INFO] ⏳ Terminando de assistir o restante do vídeo (120s)...
2026-03-03 21:36:51,623 [INFO] ✅ Vídeo finalizado por completo pela conta @joaquimcruz!
2026-03-03 21:36:51,623 [INFO] ⏸  Aguardando 6s até o próximo vídeo...
2026-03-03 21:36:57,160 [INFO] 
--------------------------------------------------
2026-03-03 21:36:57,161 [INFO] 📹 Vídeo 2/2: https://rumble.com/v76hiq6-karaok-mordida-de-amor-love-bites-ao-vivo.html (@joaquimcruz)
2026-03-03 21:36:57,161 [INFO] ▶️  Abrindo: https://rumble.com/v76hiq6-karaok-mordida-de-amor-love-bites-ao-vivo.html
2026-03-03 21:37:08,528 [INFO] ⏱  Assistindo os primeiros 10s para liberar os botões (duração total: 143s)...
2026-03-03 21:37:18,573 [INFO] ✅ Visualização inicial concluída.
2026-03-03 21:37:20,500 [INFO] 👍 Like dado via injeção JavaScript (Novo Layout)!
2026-03-03 21:37:22,260 [INFO] 👤 Canal possivelmente já seguido (ou botão não encontrado).
2026-03-03 21:37:39,550 [INFO] 💬 Comentário enviado via botão JS: "Muito relevante, parabéns pela dedicação! ✅ u"
2026-03-03 21:37:39,552 [INFO] ⏳ Terminando de assistir o restante do vídeo (100s)...
2026-03-03 21:39:20,466 [INFO] ✅ Vídeo finalizado por completo pela conta @joaquimcruz!
2026-03-03 21:39:20,470 [INFO] 🚪 Tarefas concluídas para @joaquimcruz. Encerrando navegador do perfil...
2026-03-03 21:39:22,501 [INFO] ⏸ Aguardando 10s antes de trocar de conta...

2026-03-03 21:39:32,503 [INFO] 
############################################################
2026-03-03 21:39:32,504 [INFO] 👥 INICIANDO SESSÃO - CONTA 3/4: @naturalisofc
2026-03-03 21:39:32,505 [INFO] ############################################################
2026-03-03 21:39:32,506 [INFO] 🧹 Fechando processos abertos do Chrome para liberar portas...
2026-03-03 21:39:35,055 [INFO] 🌐 Iniciando o Chrome de Automação Isolado...
2026-03-03 21:39:35,085 [INFO] ⏳ Aguardando o Chrome iniciar a porta (10s)...
2026-03-03 21:39:45,088 [INFO] ====== WebDriver manager ======
2026-03-03 21:39:47,227 [INFO] Get LATEST chromedriver version for google-chrome
2026-03-03 21:39:48,344 [INFO] Get LATEST chromedriver version for google-chrome
2026-03-03 21:39:49,440 [INFO] Driver [C:\Users\joaqu\.wdm\drivers\chromedriver\win64\145.0.7632.117\chromedriver-win32/chromedriver.exe] found in cache
2026-03-03 21:39:50,023 [INFO] 🔑 Verificando login para a conta: naturalisofc ...
2026-03-03 21:40:01,775 [WARNING] ⚠️  Erro na automação de login (pode já estar logado ou layout mudou): Message: no such element: Unable to locate element: {"method":"css selector","selector":"input[name='username'], input[type='email'], input#login-username"}
  (Session info: chrome=145.0.7632.117); For documentation on this error, please visit: https://www.selenium.dev/documentation/webdriver/troubleshooting/errors#nosuchelementexception
Stacktrace:
Symbols not available. Dumping unresolved backtrace:
	0xbb7dd3
	0xbb7e14
	0x9c1db0
	0xa0c20a
	0xa0c4ab
	0xa4de32
	0xa2ea84
	0xa4b621
	0xa2e7d6
	0xa00049
	0xa00e04
	0xe16924
	0xe11bf7
	0xe2f5a0
	0xbd0f58
	0xbd891d
	0xbc0648
	0xbc0812
	0xbaa21a
	0x75305d49
	0x7775d83b
	0x7775d7c1

2026-03-03 21:40:01,776 [INFO] 🎬 Processando 2 vídeos listados para a conta @naturalisofc...
2026-03-03 21:40:01,776 [INFO] 
--------------------------------------------------
2026-03-03 21:40:01,778 [INFO] 📹 Vídeo 1/2: https://rumble.com/v76hk18-karaok-sempre-assim-ao-vivo.html (@naturalisofc)
2026-03-03 21:40:01,778 [INFO] ▶️  Abrindo: https://rumble.com/v76hk18-karaok-sempre-assim-ao-vivo.html
2026-03-03 21:40:12,588 [INFO] ⏱  Assistindo os primeiros 10s para liberar os botões (duração total: 161s)...
2026-03-03 21:40:22,759 [INFO] ✅ Visualização inicial concluída.
2026-03-03 21:40:24,570 [INFO] 👍 Like dado via injeção JavaScript (Novo Layout)!
2026-03-03 21:40:25,861 [INFO] 👤 Canal possivelmente já seguido (ou botão não encontrado).
2026-03-03 21:40:43,843 [INFO] 💬 Comentário enviado via botão JS: "Muito bom! Já compartilhei com meus amigos. 🎉 p"
2026-03-03 21:40:43,843 [INFO] ⏳ Terminando de assistir o restante do vídeo (118s)...
2026-03-03 21:42:45,020 [INFO] ✅ Vídeo finalizado por completo pela conta @naturalisofc!
2026-03-03 21:42:45,023 [INFO] ⏸  Aguardando 7s até o próximo vídeo...
2026-03-03 21:42:51,980 [INFO] 
--------------------------------------------------
2026-03-03 21:42:51,981 [INFO] 📹 Vídeo 2/2: https://rumble.com/v76hiq6-karaok-mordida-de-amor-love-bites-ao-vivo.html (@naturalisofc)
2026-03-03 21:42:51,981 [INFO] ▶️  Abrindo: https://rumble.com/v76hiq6-karaok-mordida-de-amor-love-bites-ao-vivo.html
2026-03-03 21:43:03,267 [INFO] ⏱  Assistindo os primeiros 10s para liberar os botões (duração total: 143s)...
2026-03-03 21:43:13,310 [INFO] ✅ Visualização inicial concluída.
2026-03-03 21:43:14,484 [INFO] 👍 Like dado via injeção JavaScript (Novo Layout)!
2026-03-03 21:43:16,454 [INFO] 👤 Canal possivelmente já seguido (ou botão não encontrado).
2026-03-03 21:43:34,222 [INFO] 💬 Comentário enviado via botão JS: "Gostei muito! O tema foi abordado perfeitamente.!"
2026-03-03 21:43:34,222 [INFO] ⏳ Terminando de assistir o restante do vídeo (100s)...
2026-03-03 21:44:04,465 [INFO] ⏩ Player indicou fim do vídeo antecipadamente.
2026-03-03 21:44:04,468 [INFO] ✅ Vídeo finalizado por completo pela conta @naturalisofc!
2026-03-03 21:44:04,469 [INFO] 🚪 Tarefas concluídas para @naturalisofc. Encerrando navegador do perfil...
2026-03-03 21:44:06,507 [INFO] ⏸ Aguardando 10s antes de trocar de conta...

2026-03-03 21:44:16,511 [INFO] 
############################################################
2026-03-03 21:44:16,512 [INFO] 👥 INICIANDO SESSÃO - CONTA 4/4: @realstories
2026-03-03 21:44:16,513 [INFO] ############################################################
2026-03-03 21:44:16,513 [INFO] 🧹 Fechando processos abertos do Chrome para liberar portas...
2026-03-03 21:44:18,945 [INFO] 🌐 Iniciando o Chrome de Automação Isolado...
2026-03-03 21:44:18,973 [INFO] ⏳ Aguardando o Chrome iniciar a porta (10s)...
2026-03-03 21:44:28,975 [INFO] ====== WebDriver manager ======
2026-03-03 21:44:30,995 [INFO] Get LATEST chromedriver version for google-chrome
2026-03-03 21:44:32,117 [INFO] Get LATEST chromedriver version for google-chrome
2026-03-03 21:44:33,320 [INFO] Driver [C:\Users\joaqu\.wdm\drivers\chromedriver\win64\145.0.7632.117\chromedriver-win32/chromedriver.exe] found in cache
2026-03-03 21:44:33,913 [INFO] 🔑 Verificando login para a conta: realstories ...
2026-03-03 21:44:44,769 [WARNING] ⚠️  Erro na automação de login (pode já estar logado ou layout mudou): Message: no such element: Unable to locate element: {"method":"css selector","selector":"input[name='username'], input[type='email'], input#login-username"}
  (Session info: chrome=145.0.7632.117); For documentation on this error, please visit: https://www.selenium.dev/documentation/webdriver/troubleshooting/errors#nosuchelementexception
Stacktrace:
Symbols not available. Dumping unresolved backtrace:
	0xbb7dd3
	0xbb7e14
	0x9c1db0
	0xa0c20a
	0xa0c4ab
	0xa4de32
	0xa2ea84
	0xa4b621
	0xa2e7d6
	0xa00049
	0xa00e04
	0xe16924
	0xe11bf7
	0xe2f5a0
	0xbd0f58
	0xbd891d
	0xbc0648
	0xbc0812
	0xbaa21a
	0x75305d49
	0x7775d83b
	0x7775d7c1

2026-03-03 21:44:44,770 [INFO] 🎬 Processando 2 vídeos listados para a conta @realstories...
2026-03-03 21:44:44,771 [INFO] 
--------------------------------------------------
2026-03-03 21:44:44,772 [INFO] 📹 Vídeo 1/2: https://rumble.com/v76hk18-karaok-sempre-assim-ao-vivo.html (@realstories)
2026-03-03 21:44:44,773 [INFO] ▶️  Abrindo: https://rumble.com/v76hk18-karaok-sempre-assim-ao-vivo.html
2026-03-03 21:44:56,112 [INFO] ⏱  Assistindo os primeiros 10s para liberar os botões (duração total: 161s)...
2026-03-03 21:45:06,169 [INFO] ✅ Visualização inicial concluída.
2026-03-03 21:45:08,110 [INFO] 👍 Like dado via injeção JavaScript (Novo Layout)!
2026-03-03 21:45:09,421 [INFO] 👤 Canal possivelmente já seguido (ou botão não encontrado).
2026-03-03 21:45:25,913 [INFO] 💬 Comentário enviado via botão JS: "Continue assim, sempre bom conteúdo!!"
2026-03-03 21:45:25,913 [INFO] ⏳ Terminando de assistir o restante do vídeo (119s)...
2026-03-03 21:46:01,250 [INFO] ⏩ Player indicou fim do vídeo antecipadamente.
2026-03-03 21:46:01,252 [INFO] ✅ Vídeo finalizado por completo pela conta @realstories!
2026-03-03 21:46:01,254 [INFO] ⏸  Aguardando 5s até o próximo vídeo...
2026-03-03 21:46:06,151 [INFO] 
--------------------------------------------------
2026-03-03 21:46:06,151 [INFO] 📹 Vídeo 2/2: https://rumble.com/v76hiq6-karaok-mordida-de-amor-love-bites-ao-vivo.html (@realstories)
2026-03-03 21:46:06,154 [INFO] ▶️  Abrindo: https://rumble.com/v76hiq6-karaok-mordida-de-amor-love-bites-ao-vivo.html
2026-03-03 21:46:17,525 [INFO] ⏱  Assistindo os primeiros 10s para liberar os botões (duração total: 143s)...
2026-03-03 21:46:27,594 [INFO] ✅ Visualização inicial concluída.
2026-03-03 21:46:28,791 [INFO] 👍 Like dado via injeção JavaScript (Novo Layout)!
2026-03-03 21:46:30,412 [INFO] 👤 Canal possivelmente já seguido (ou botão não encontrado).
2026-03-03 21:46:47,562 [INFO] 💬 Comentário enviado via botão JS: "Incrível! Aprendi bastante com esse vídeo. Valeu!"
2026-03-03 21:46:47,567 [INFO] ⏳ Terminando de assistir o restante do vídeo (101s)...
2026-03-03 21:47:07,784 [INFO] ⏩ Player indicou fim do vídeo antecipadamente.
2026-03-03 21:47:07,785 [INFO] ✅ Vídeo finalizado por completo pela conta @realstories!
2026-03-03 21:47:07,785 [INFO] 🚪 Tarefas concluídas para @realstories. Encerrando navegador do perfil...
2026-03-03 21:47:09,804 [INFO] 🏁 Automação Multi-Conta Finalizada! Todos os vídeos vistos por todas as contas.
2026-03-04 14:05:22,070 [INFO] Feche todas as outras janelas do Chrome antes de rodar este script, se possível.
2026-03-04 14:05:22,071 [INFO] 
############################################################
2026-03-04 14:05:22,071 [INFO] 👥 INICIANDO SESSÃO - CONTA 1/4: @uaijoaquim
2026-03-04 14:05:22,071 [INFO] ############################################################
2026-03-04 14:05:22,073 [INFO] 🧹 Fechando processos abertos do Chrome para liberar portas...
2026-03-04 14:05:24,790 [INFO] 🌐 Iniciando o Chrome de Automação Isolado...
2026-03-04 14:05:24,802 [INFO] ⏳ Aguardando o Chrome iniciar a porta (10s)...
2026-03-04 14:05:34,807 [INFO] ====== WebDriver manager ======
2026-03-04 14:05:38,353 [INFO] Get LATEST chromedriver version for google-chrome
2026-03-04 14:05:42,024 [INFO] Get LATEST chromedriver version for google-chrome
2026-03-04 14:05:45,019 [INFO] Get LATEST chromedriver version for google-chrome
2026-03-04 14:05:48,411 [INFO] WebDriver version 145.0.7632.117 selected
2026-03-04 14:05:48,424 [INFO] Modern chrome version https://storage.googleapis.com/chrome-for-testing-public/145.0.7632.117/win32/chromedriver-win32.zip
2026-03-04 14:05:48,426 [INFO] About to download new driver from https://storage.googleapis.com/chrome-for-testing-public/145.0.7632.117/win32/chromedriver-win32.zip
2026-03-04 14:05:49,786 [INFO] Driver downloading response is 200
2026-03-04 14:05:56,569 [INFO] Get LATEST chromedriver version for google-chrome
2026-03-04 14:05:58,004 [INFO] Driver has been saved in cache [C:\Users\joaqu\.wdm\drivers\chromedriver\win64\145.0.7632.117]
2026-03-04 14:06:05,419 [INFO] 🔑 Verificando login para a conta: uaijoaquim ...
2026-03-04 14:07:15,993 [INFO] Feche todas as outras janelas do Chrome antes de rodar este script, se possível.
2026-03-04 14:07:15,993 [INFO] 
############################################################
2026-03-04 14:07:15,993 [INFO] 👥 INICIANDO SESSÃO - CONTA 1/4: @uaijoaquim
2026-03-04 14:07:15,993 [INFO] ############################################################
2026-03-04 14:07:15,993 [INFO] 🧹 Fechando processos abertos do Chrome para liberar portas...
2026-03-04 14:07:18,197 [INFO] 🌐 Iniciando o Chrome de Automação Isolado...
2026-03-04 14:07:18,209 [INFO] ⏳ Aguardando o Chrome iniciar a porta (10s)...
2026-03-04 14:07:28,210 [INFO] ====== WebDriver manager ======
2026-03-04 14:07:30,424 [INFO] Get LATEST chromedriver version for google-chrome
2026-03-04 14:07:31,622 [INFO] Get LATEST chromedriver version for google-chrome
2026-03-04 14:07:32,854 [INFO] Driver [C:\Users\joaqu\.wdm\drivers\chromedriver\win64\145.0.7632.117\chromedriver-win32/chromedriver.exe] found in cache
2026-03-04 14:07:33,451 [INFO] 🔑 Verificando login para a conta: uaijoaquim ...
2026-03-04 14:07:44,557 [INFO] ✅ Cloudflare superado.
2026-03-04 14:07:49,625 [WARNING] ⚠️  Erro na automação de login (pode já estar logado ou layout mudou): Message: no such element: Unable to locate element: {"method":"css selector","selector":"input[name='username'], input[type='email'], input#login-username"}
  (Session info: chrome=145.0.7632.117); For documentation on this error, please visit: https://www.selenium.dev/documentation/webdriver/troubleshooting/errors#nosuchelementexception
Stacktrace:
Symbols not available. Dumping unresolved backtrace:
	0xcc7dd3
	0xcc7e14
	0xad1db0
	0xb1c20a
	0xb1c4ab
	0xb5de32
	0xb3ea84
	0xb5b621
	0xb3e7d6
	0xb10049
	0xb10e04
	0xf26924
	0xf21bf7
	0xf3f5a0
	0xce0f58
	0xce891d
	0xcd0648
	0xcd0812
	0xcba21a
	0x75305d49
	0x7775d83b
	0x7775d7c1

2026-03-04 14:07:49,626 [INFO] 🎬 Processando 5 vídeos listados para a conta @uaijoaquim...
2026-03-04 14:07:49,627 [INFO] 
--------------------------------------------------
2026-03-04 14:07:49,628 [INFO] 📹 Vídeo 1/5: https://rumble.com/v76lmai-karaok-edson-and-hudson-and-hugo-and-guilherme-oi-deus-ao-vivo.html (@uaijoaquim)
2026-03-04 14:07:49,628 [INFO] ▶️  Abrindo: https://rumble.com/v76lmai-karaok-edson-and-hudson-and-hugo-and-guilherme-oi-deus-ao-vivo.html
2026-03-04 14:08:01,493 [INFO] ⏱  Assistindo os primeiros 10s para liberar os botões (duração total: 215s)...
2026-03-04 14:08:11,540 [INFO] ✅ Visualização inicial concluída.
2026-03-04 14:08:12,605 [INFO] 👍 Like dado via injeção JavaScript (Novo Layout)!
2026-03-04 14:08:13,964 [INFO] 👤 Canal possivelmente já seguido (ou botão não encontrado).
2026-03-04 14:08:32,332 [INFO] 💬 Comentário enviado via botão JS: "Gostei muito! O tema foi abordado perfeitamente. 👍 ze"
2026-03-04 14:08:32,333 [INFO] ⏳ Terminando de assistir o restante do vídeo (172s)...
2026-03-04 14:11:28,721 [INFO] ✅ Vídeo finalizado por completo pela conta @uaijoaquim!
2026-03-04 14:11:28,727 [INFO] ⏸  Aguardando 7s até o próximo vídeo...
2026-03-04 14:11:35,720 [INFO] 
--------------------------------------------------
2026-03-04 14:11:35,720 [INFO] 📹 Vídeo 2/5: https://rumble.com/shorts/v76lu22 (@uaijoaquim)
2026-03-04 14:11:35,722 [INFO] ▶️  Abrindo: https://rumble.com/shorts/v76lu22
2026-03-04 14:11:46,201 [INFO] ⏱  Assistindo os primeiros 10s para liberar os botões (duração total: 19s)...
2026-03-04 14:11:56,243 [INFO] ✅ Visualização inicial concluída.
2026-03-04 14:11:57,573 [INFO] 👍 Like dado via injeção JavaScript (Novo Layout)!
2026-03-04 14:11:59,323 [INFO] 👤 Canal possivelmente já seguido (ou botão não encontrado).
2026-03-04 14:12:13,887 [INFO] 💬 Comentário enviado via Teclado: "Top demais! 🔥! ey"
2026-03-04 14:12:13,887 [INFO] ✅ Vídeo finalizado por completo pela conta @uaijoaquim!
2026-03-04 14:12:13,887 [INFO] ⏸  Aguardando 4s até o próximo vídeo...
2026-03-04 14:12:18,017 [INFO] 
--------------------------------------------------
2026-03-04 14:12:18,017 [INFO] 📹 Vídeo 3/5: https://rumble.com/shorts/v76lu32 (@uaijoaquim)
2026-03-04 14:12:18,018 [INFO] ▶️  Abrindo: https://rumble.com/shorts/v76lu32
2026-03-04 14:12:29,131 [INFO] ⏱  Assistindo os primeiros 10s para liberar os botões (duração total: 14s)...
2026-03-04 14:12:39,162 [INFO] ✅ Visualização inicial concluída.
2026-03-04 14:12:40,719 [INFO] 👍 Like dado via injeção JavaScript (Novo Layout)!
2026-03-04 14:12:42,225 [INFO] 👤 Canal possivelmente já seguido (ou botão não encontrado).
2026-03-04 14:12:59,945 [INFO] 💬 Comentário enviado via Teclado: "Gostei muito! O tema foi abordado perfeitamente. ✅"
2026-03-04 14:12:59,947 [INFO] ✅ Vídeo finalizado por completo pela conta @uaijoaquim!
2026-03-04 14:12:59,950 [INFO] ⏸  Aguardando 6s até o próximo vídeo...
2026-03-04 14:13:05,959 [INFO] 
--------------------------------------------------
2026-03-04 14:13:05,959 [INFO] 📹 Vídeo 4/5: https://rumble.com/v76mcp8-karaok-hugo-and-guilherme-coisa-de-menino-ao-vivo.html (@uaijoaquim)
2026-03-04 14:13:05,960 [INFO] ▶️  Abrindo: https://rumble.com/v76mcp8-karaok-hugo-and-guilherme-coisa-de-menino-ao-vivo.html
2026-03-04 14:13:16,269 [INFO] ⏱  Assistindo os primeiros 10s para liberar os botões (duração total: 162s)...
2026-03-04 14:13:26,314 [INFO] ✅ Visualização inicial concluída.
2026-03-04 14:13:27,616 [INFO] 👍 Like dado via injeção JavaScript (Novo Layout)!
2026-03-04 14:13:29,187 [INFO] 👤 Canal possivelmente já seguido (ou botão não encontrado).
2026-03-04 14:13:45,775 [INFO] 💬 Comentário enviado via botão JS: "Continue assim, sempre bom conteúdo! ✅"
2026-03-04 14:13:45,791 [INFO] ⏳ Terminando de assistir o restante do vídeo (122s)...
2026-03-04 14:15:51,895 [INFO] ✅ Vídeo finalizado por completo pela conta @uaijoaquim!
2026-03-04 14:15:51,895 [INFO] ⏸  Aguardando 8s até o próximo vídeo...
2026-03-04 14:15:59,731 [INFO] 
--------------------------------------------------
2026-03-04 14:15:59,731 [INFO] 📹 Vídeo 5/5: https://rumble.com/v76meuu-karaok-hugo-and-guilherme-di-demais-live.html (@uaijoaquim)
2026-03-04 14:15:59,734 [INFO] ▶️  Abrindo: https://rumble.com/v76meuu-karaok-hugo-and-guilherme-di-demais-live.html
2026-03-04 14:16:10,486 [INFO] ⏱  Assistindo os primeiros 10s para liberar os botões (duração total: 179s)...
2026-03-04 14:16:20,590 [INFO] ✅ Visualização inicial concluída.
2026-03-04 14:16:22,488 [INFO] 👍 Like dado via injeção JavaScript (Novo Layout)!
2026-03-04 14:16:24,257 [INFO] 👤 Canal possivelmente já seguido (ou botão não encontrado).
2026-03-04 14:16:42,518 [INFO] 💬 Comentário enviado via botão JS: "Excelente vídeo, produção de qualidade. 🔥 jf"
2026-03-04 14:16:42,519 [INFO] ⏳ Terminando de assistir o restante do vídeo (136s)...
2026-03-04 14:19:03,681 [INFO] ✅ Vídeo finalizado por completo pela conta @uaijoaquim!
2026-03-04 14:19:03,681 [INFO] 🚪 Tarefas concluídas para @uaijoaquim. Encerrando navegador do perfil...
2026-03-04 14:19:05,729 [INFO] ⏸ Aguardando 10s antes de trocar de conta...

2026-03-04 14:19:15,734 [INFO] 
############################################################
2026-03-04 14:19:15,734 [INFO] 👥 INICIANDO SESSÃO - CONTA 2/4: @joaquimcruz
2026-03-04 14:19:15,734 [INFO] ############################################################
2026-03-04 14:19:15,734 [INFO] 🧹 Fechando processos abertos do Chrome para liberar portas...
2026-03-04 14:19:18,238 [INFO] 🌐 Iniciando o Chrome de Automação Isolado...
2026-03-04 14:19:18,272 [INFO] ⏳ Aguardando o Chrome iniciar a porta (10s)...
2026-03-04 14:19:28,275 [INFO] ====== WebDriver manager ======
2026-03-04 14:19:30,444 [INFO] Get LATEST chromedriver version for google-chrome
2026-03-04 14:19:31,624 [INFO] Get LATEST chromedriver version for google-chrome
2026-03-04 14:19:32,776 [INFO] Driver [C:\Users\joaqu\.wdm\drivers\chromedriver\win64\145.0.7632.117\chromedriver-win32/chromedriver.exe] found in cache
2026-03-04 14:19:33,366 [INFO] 🔑 Verificando login para a conta: joaquimcruz ...
2026-03-04 14:19:43,963 [INFO] ✅ Cloudflare superado.
2026-03-04 14:19:49,033 [WARNING] ⚠️  Erro na automação de login (pode já estar logado ou layout mudou): Message: no such element: Unable to locate element: {"method":"css selector","selector":"input[name='username'], input[type='email'], input#login-username"}
  (Session info: chrome=145.0.7632.117); For documentation on this error, please visit: https://www.selenium.dev/documentation/webdriver/troubleshooting/errors#nosuchelementexception
Stacktrace:
Symbols not available. Dumping unresolved backtrace:
	0xcc7dd3
	0xcc7e14
	0xad1db0
	0xb1c20a
	0xb1c4ab
	0xb5de32
	0xb3ea84
	0xb5b621
	0xb3e7d6
	0xb10049
	0xb10e04
	0xf26924
	0xf21bf7
	0xf3f5a0
	0xce0f58
	0xce891d
	0xcd0648
	0xcd0812
	0xcba21a
	0x75305d49
	0x7775d83b
	0x7775d7c1

2026-03-04 14:19:49,034 [INFO] 🎬 Processando 5 vídeos listados para a conta @joaquimcruz...
2026-03-04 14:19:49,035 [INFO] 
--------------------------------------------------
2026-03-04 14:19:49,035 [INFO] 📹 Vídeo 1/5: https://rumble.com/v76lmai-karaok-edson-and-hudson-and-hugo-and-guilherme-oi-deus-ao-vivo.html (@joaquimcruz)
2026-03-04 14:19:49,036 [INFO] ▶️  Abrindo: https://rumble.com/v76lmai-karaok-edson-and-hudson-and-hugo-and-guilherme-oi-deus-ao-vivo.html
2026-03-04 14:20:00,478 [INFO] ⏱  Assistindo os primeiros 10s para liberar os botões (duração total: 215s)...
2026-03-04 14:20:10,579 [INFO] ✅ Visualização inicial concluída.
2026-03-04 14:20:11,651 [INFO] 👍 Like dado via injeção JavaScript (Novo Layout)!
2026-03-04 14:20:13,116 [INFO] 👤 Canal possivelmente já seguido (ou botão não encontrado).
2026-03-04 14:20:30,991 [INFO] 💬 Comentário enviado via botão JS: "Conteúdo de qualidade, gostei muito! Abraço!"
2026-03-04 14:20:30,991 [INFO] ⏳ Terminando de assistir o restante do vídeo (173s)...
2026-03-04 15:56:43,218 [INFO] Feche todas as outras janelas do Chrome antes de rodar este script, se possível.
2026-03-04 15:56:43,218 [INFO] 
############################################################
2026-03-04 15:56:43,221 [INFO] 👥 INICIANDO SESSÃO - CONTA 1/4: @uaijoaquim
2026-03-04 15:56:43,221 [INFO] ############################################################
2026-03-04 15:56:43,221 [INFO] 🧹 Fechando processos abertos do Chrome para liberar portas...
2026-03-04 15:56:45,675 [INFO] 🌐 Iniciando o Chrome de Automação Isolado...
2026-03-04 15:56:45,704 [INFO] ⏳ Aguardando o Chrome iniciar a porta (10s)...
2026-03-04 15:56:55,726 [INFO] ====== WebDriver manager ======
2026-03-04 15:57:01,145 [INFO] Get LATEST chromedriver version for google-chrome
2026-03-04 15:57:02,871 [INFO] Get LATEST chromedriver version for google-chrome
2026-03-04 15:57:04,452 [INFO] Driver [C:\Users\joaqu\.wdm\drivers\chromedriver\win64\145.0.7632.117\chromedriver-win32/chromedriver.exe] found in cache
2026-03-04 15:57:05,128 [INFO] 🔑 Verificando login para a conta: uaijoaquim ...
2026-03-04 15:57:18,092 [WARNING] ⚠️  Erro na automação de login (pode já estar logado ou layout mudou): Message: no such element: Unable to locate element: {"method":"css selector","selector":"input[name='username'], input[type='email'], input#login-username"}
  (Session info: chrome=145.0.7632.117); For documentation on this error, please visit: https://www.selenium.dev/documentation/webdriver/troubleshooting/errors#nosuchelementexception
Stacktrace:
Symbols not available. Dumping unresolved backtrace:
	0x837dd3
	0x837e14
	0x641db0
	0x68c20a
	0x68c4ab
	0x6cde32
	0x6aea84
	0x6cb621
	0x6ae7d6
	0x680049
	0x680e04
	0xa96924
	0xa91bf7
	0xaaf5a0
	0x850f58
	0x85891d
	0x840648
	0x840812
	0x82a21a
	0x75305d49
	0x7775d83b
	0x7775d7c1

2026-03-04 15:57:18,096 [INFO] 🎬 Processando 5 vídeos listados para a conta @uaijoaquim...
2026-03-04 15:57:18,099 [INFO] 
--------------------------------------------------
2026-03-04 15:57:18,099 [INFO] 📹 Vídeo 1/5: https://rumble.com/v76lmai-karaok-edson-and-hudson-and-hugo-and-guilherme-oi-deus-ao-vivo.html (@uaijoaquim)
2026-03-04 15:57:18,100 [INFO] ▶️  Abrindo: https://rumble.com/v76lmai-karaok-edson-and-hudson-and-hugo-and-guilherme-oi-deus-ao-vivo.html
2026-03-04 15:57:29,498 [INFO] ⏱  Assistindo os primeiros 10s para liberar os botões (duração total: 215s)...
2026-03-04 15:57:39,551 [INFO] ✅ Visualização inicial concluída.
2026-03-04 15:57:41,563 [INFO] 👍 Like dado via injeção JavaScript (Novo Layout)!
2026-03-04 15:57:43,347 [INFO] 👤 Canal possivelmente já seguido (ou botão não encontrado).
2026-03-04 15:58:00,148 [INFO] 💬 Comentário enviado via botão JS: "Excelente trabalho, parabéns! 🎉 t"
2026-03-04 15:58:00,150 [INFO] ⏳ Terminando de assistir o restante do vídeo (172s)...
2026-03-04 16:00:56,684 [INFO] ✅ Vídeo finalizado por completo pela conta @uaijoaquim!
2026-03-04 16:00:56,684 [INFO] ⏸  Aguardando 7s até o próximo vídeo...
2026-03-04 16:01:03,242 [INFO] 
--------------------------------------------------
2026-03-04 16:01:03,242 [INFO] 📹 Vídeo 2/5: https://rumble.com/shorts/v76lu22 (@uaijoaquim)
2026-03-04 16:01:03,242 [INFO] ▶️  Abrindo: https://rumble.com/shorts/v76lu22
2026-03-04 16:01:12,744 [INFO] ⏱  Assistindo os primeiros 10s para liberar os botões (duração total: 19s)...
2026-03-04 16:01:22,792 [INFO] ✅ Visualização inicial concluída.
2026-03-04 16:01:24,165 [INFO] 👍 Like dado via injeção JavaScript (Novo Layout)!
2026-03-04 16:01:25,739 [INFO] 👤 Canal possivelmente já seguido (ou botão não encontrado).
2026-03-04 16:01:30,230 [WARNING] ⚠️  Campo de comentário não encontrado (você precisa estar logado).
2026-03-04 16:01:30,236 [INFO] ✅ Vídeo finalizado por completo pela conta @uaijoaquim!
2026-03-04 16:01:30,238 [INFO] ⏸  Aguardando 3s até o próximo vídeo...
2026-03-04 16:01:33,554 [INFO] 
--------------------------------------------------
2026-03-04 16:01:33,555 [INFO] 📹 Vídeo 3/5: https://rumble.com/shorts/v76lu32 (@uaijoaquim)
2026-03-04 16:01:33,555 [INFO] ▶️  Abrindo: https://rumble.com/shorts/v76lu32
2026-03-04 16:01:43,431 [INFO] ⏱  Assistindo os primeiros 10s para liberar os botões (duração total: 14s)...
2026-03-04 16:01:53,489 [INFO] ✅ Visualização inicial concluída.
2026-03-04 16:01:55,471 [INFO] 👍 Like dado via injeção JavaScript (Novo Layout)!
2026-03-04 16:01:57,171 [INFO] 👤 Canal possivelmente já seguido (ou botão não encontrado).
2026-03-04 16:02:01,417 [WARNING] ⚠️  Campo de comentário não encontrado (você precisa estar logado).
2026-03-04 16:02:01,418 [INFO] ✅ Vídeo finalizado por completo pela conta @uaijoaquim!
2026-03-04 16:02:01,419 [INFO] ⏸  Aguardando 6s até o próximo vídeo...
2026-03-04 16:02:07,009 [INFO] 
--------------------------------------------------
2026-03-04 16:02:07,009 [INFO] 📹 Vídeo 4/5: https://rumble.com/v76mcp8-karaok-hugo-and-guilherme-coisa-de-menino-ao-vivo.html (@uaijoaquim)
2026-03-04 16:02:07,010 [INFO] ▶️  Abrindo: https://rumble.com/v76mcp8-karaok-hugo-and-guilherme-coisa-de-menino-ao-vivo.html
2026-03-04 16:02:25,687 [WARNING] ⚠️  Duração do vídeo não encontrada (Live Stream ou erro). Assumindo 300s.
2026-03-04 16:02:25,687 [INFO] ⏱  Assistindo os primeiros 10s para liberar os botões (duração total: 300s)...
2026-03-04 16:02:35,726 [INFO] ✅ Visualização inicial concluída.
2026-03-04 16:02:37,324 [WARNING] ⚠️  Botão de like não encontrado (o Rumble mudou o layout severamente ou você não está logado).
2026-03-04 16:02:38,511 [INFO] 👤 Canal possivelmente já seguido (ou botão não encontrado).
2026-03-04 16:02:43,139 [WARNING] ⚠️  Campo de comentário não encontrado (você precisa estar logado).
2026-03-04 16:02:43,139 [INFO] ⏳ Terminando de assistir o restante do vídeo (263s)...
2026-03-04 16:07:11,637 [INFO] ✅ Vídeo finalizado por completo pela conta @uaijoaquim!
2026-03-04 16:07:11,638 [INFO] ⏸  Aguardando 3s até o próximo vídeo...
2026-03-04 16:07:14,650 [INFO] 
--------------------------------------------------
2026-03-04 16:07:14,651 [INFO] 📹 Vídeo 5/5: https://rumble.com/v76meuu-karaok-hugo-and-guilherme-di-demais-live.html (@uaijoaquim)
2026-03-04 16:07:14,652 [INFO] ▶️  Abrindo: https://rumble.com/v76meuu-karaok-hugo-and-guilherme-di-demais-live.html
2026-03-04 16:07:34,071 [WARNING] ⚠️  Duração do vídeo não encontrada (Live Stream ou erro). Assumindo 300s.
2026-03-04 16:07:34,071 [INFO] ⏱  Assistindo os primeiros 10s para liberar os botões (duração total: 300s)...
2026-03-04 16:07:44,178 [INFO] ✅ Visualização inicial concluída.
2026-03-04 16:07:45,461 [WARNING] ⚠️  Botão de like não encontrado (o Rumble mudou o layout severamente ou você não está logado).
2026-03-04 16:07:46,730 [INFO] 👤 Canal possivelmente já seguido (ou botão não encontrado).
2026-03-04 16:07:52,388 [WARNING] ⚠️  Campo de comentário não encontrado (você precisa estar logado).
2026-03-04 16:07:52,388 [INFO] ⏳ Terminando de assistir o restante do vídeo (262s)...
2026-03-04 16:12:13,506 [INFO] ⏩ Player indicou fim do vídeo antecipadamente.
2026-03-04 16:12:13,510 [INFO] ✅ Vídeo finalizado por completo pela conta @uaijoaquim!
2026-03-04 16:12:13,510 [INFO] 🚪 Tarefas concluídas para @uaijoaquim. Encerrando navegador do perfil...
2026-03-04 16:12:15,549 [INFO] ⏸ Aguardando 10s antes de trocar de conta...

2026-03-04 16:12:25,554 [INFO] 
############################################################
2026-03-04 16:12:25,555 [INFO] 👥 INICIANDO SESSÃO - CONTA 2/4: @joaquimcruz
2026-03-04 16:12:25,556 [INFO] ############################################################
2026-03-04 16:12:25,556 [INFO] 🧹 Fechando processos abertos do Chrome para liberar portas...
2026-03-04 16:12:28,031 [INFO] 🌐 Iniciando o Chrome de Automação Isolado...
2026-03-04 16:12:28,044 [INFO] ⏳ Aguardando o Chrome iniciar a porta (10s)...
2026-03-04 16:12:38,058 [INFO] ====== WebDriver manager ======
2026-03-04 16:12:41,326 [INFO] Get LATEST chromedriver version for google-chrome
2026-03-04 16:12:43,799 [INFO] Get LATEST chromedriver version for google-chrome
2026-03-04 16:12:48,148 [INFO] Driver [C:\Users\joaqu\.wdm\drivers\chromedriver\win64\145.0.7632.117\chromedriver-win32/chromedriver.exe] found in cache
2026-03-04 16:12:48,734 [INFO] 🔑 Verificando login para a conta: joaquimcruz ...
2026-03-04 16:13:01,419 [WARNING] ⚠️  Erro na automação de login (pode já estar logado ou layout mudou): Message: no such element: Unable to locate element: {"method":"css selector","selector":"input[name='username'], input[type='email'], input#login-username"}
  (Session info: chrome=145.0.7632.117); For documentation on this error, please visit: https://www.selenium.dev/documentation/webdriver/troubleshooting/errors#nosuchelementexception
Stacktrace:
Symbols not available. Dumping unresolved backtrace:
	0x837dd3
	0x837e14
	0x641db0
	0x68c20a
	0x68c4ab
	0x6cde32
	0x6aea84
	0x6cb621
	0x6ae7d6
	0x680049
	0x680e04
	0xa96924
	0xa91bf7
	0xaaf5a0
	0x850f58
	0x85891d
	0x840648
	0x840812
	0x82a21a
	0x75305d49
	0x7775d83b
	0x7775d7c1

2026-03-04 16:13:01,419 [INFO] 🎬 Processando 5 vídeos listados para a conta @joaquimcruz...
2026-03-04 16:13:01,419 [INFO] 
--------------------------------------------------
2026-03-04 16:13:01,419 [INFO] 📹 Vídeo 1/5: https://rumble.com/v76lmai-karaok-edson-and-hudson-and-hugo-and-guilherme-oi-deus-ao-vivo.html (@joaquimcruz)
2026-03-04 16:13:01,422 [INFO] ▶️  Abrindo: https://rumble.com/v76lmai-karaok-edson-and-hudson-and-hugo-and-guilherme-oi-deus-ao-vivo.html
2026-03-04 16:13:27,754 [INFO] ⏱  Assistindo os primeiros 10s para liberar os botões (duração total: 3757s)...
2026-03-04 16:13:37,787 [INFO] ✅ Visualização inicial concluída.
2026-03-04 16:13:39,830 [INFO] 👍 Like dado via injeção JavaScript (Novo Layout)!
2026-03-04 16:13:41,336 [INFO] 👤 Canal possivelmente já seguido (ou botão não encontrado).
2026-03-04 16:13:47,244 [WARNING] ⚠️  Campo de comentário não encontrado (você precisa estar logado).
2026-03-04 16:13:47,244 [INFO] ⏳ Terminando de assistir o restante do vídeo (3711s)...
2026-03-04 16:20:57,602 [INFO] ⏩ Player indicou fim do vídeo antecipadamente.
2026-03-04 16:20:57,602 [INFO] ✅ Vídeo finalizado por completo pela conta @joaquimcruz!
2026-03-04 16:20:57,602 [INFO] ⏸  Aguardando 4s até o próximo vídeo...
2026-03-04 16:21:01,343 [INFO] 
--------------------------------------------------
2026-03-04 16:21:01,343 [INFO] 📹 Vídeo 2/5: https://rumble.com/shorts/v76lu22 (@joaquimcruz)
2026-03-04 16:21:01,345 [INFO] ▶️  Abrindo: https://rumble.com/shorts/v76lu22
2026-03-04 16:21:13,423 [INFO] ⏱  Assistindo os primeiros 10s para liberar os botões (duração total: 19s)...
2026-03-04 16:21:23,470 [INFO] ✅ Visualização inicial concluída.
2026-03-04 16:21:25,123 [INFO] 👍 Like dado via injeção JavaScript (Novo Layout)!
2026-03-04 16:21:26,423 [INFO] 👤 Canal possivelmente já seguido (ou botão não encontrado).
2026-03-04 16:21:32,382 [WARNING] ⚠️  Campo de comentário não encontrado (você precisa estar logado).
2026-03-04 16:21:32,383 [INFO] ✅ Vídeo finalizado por completo pela conta @joaquimcruz!
2026-03-04 16:21:32,383 [INFO] ⏸  Aguardando 8s até o próximo vídeo...
2026-03-04 16:21:40,299 [INFO] 
--------------------------------------------------
2026-03-04 16:21:40,299 [INFO] 📹 Vídeo 3/5: https://rumble.com/shorts/v76lu32 (@joaquimcruz)
2026-03-04 16:21:40,300 [INFO] ▶️  Abrindo: https://rumble.com/shorts/v76lu32
2026-03-04 16:21:52,141 [INFO] ⏱  Assistindo os primeiros 10s para liberar os botões (duração total: 14s)...
2026-03-04 16:22:02,194 [INFO] ✅ Visualização inicial concluída.
2026-03-04 16:22:03,804 [INFO] 👍 Like dado via injeção JavaScript (Novo Layout)!
2026-03-04 16:22:05,029 [INFO] 👤 Canal possivelmente já seguido (ou botão não encontrado).
2026-03-04 16:22:10,895 [WARNING] ⚠️  Campo de comentário não encontrado (você precisa estar logado).
2026-03-04 16:22:10,895 [INFO] ✅ Vídeo finalizado por completo pela conta @joaquimcruz!
2026-03-04 16:22:10,896 [INFO] ⏸  Aguardando 5s até o próximo vídeo...
2026-03-04 16:22:16,070 [INFO] 
--------------------------------------------------
2026-03-04 16:22:16,070 [INFO] 📹 Vídeo 4/5: https://rumble.com/v76mcp8-karaok-hugo-and-guilherme-coisa-de-menino-ao-vivo.html (@joaquimcruz)
2026-03-04 16:22:16,071 [INFO] ▶️  Abrindo: https://rumble.com/v76mcp8-karaok-hugo-and-guilherme-coisa-de-menino-ao-vivo.html
2026-03-04 16:22:34,891 [WARNING] ⚠️  Duração do vídeo não encontrada (Live Stream ou erro). Assumindo 300s.
2026-03-04 16:22:34,891 [INFO] ⏱  Assistindo os primeiros 10s para liberar os botões (duração total: 300s)...
2026-03-04 16:22:44,950 [INFO] ✅ Visualização inicial concluída.
2026-03-04 16:22:46,687 [INFO] 👍 Like dado via injeção JavaScript (Novo Layout)!
2026-03-04 16:22:48,604 [INFO] 👤 Canal possivelmente já seguido (ou botão não encontrado).
2026-03-04 16:23:05,059 [INFO] 💬 Comentário enviado via botão JS: "Muito bom, sempre aprendo algo novo aqui. 🔥 cm"
2026-03-04 16:23:05,066 [INFO] ⏳ Terminando de assistir o restante do vídeo (251s)...
2026-03-04 16:25:31,240 [INFO] ⏩ Player indicou fim do vídeo antecipadamente.
2026-03-04 16:25:31,242 [INFO] ✅ Vídeo finalizado por completo pela conta @joaquimcruz!
2026-03-04 16:25:31,243 [INFO] ⏸  Aguardando 4s até o próximo vídeo...
2026-03-04 16:25:35,458 [INFO] 
--------------------------------------------------
2026-03-04 16:25:35,459 [INFO] 📹 Vídeo 5/5: https://rumble.com/v76meuu-karaok-hugo-and-guilherme-di-demais-live.html (@joaquimcruz)
2026-03-04 16:25:35,460 [INFO] ▶️  Abrindo: https://rumble.com/v76meuu-karaok-hugo-and-guilherme-di-demais-live.html
2026-03-04 16:25:54,411 [WARNING] ⚠️  Duração do vídeo não encontrada (Live Stream ou erro). Assumindo 300s.
2026-03-04 16:25:54,411 [INFO] ⏱  Assistindo os primeiros 10s para liberar os botões (duração total: 300s)...
2026-03-04 16:26:04,485 [INFO] ✅ Visualização inicial concluída.
2026-03-04 16:26:06,385 [WARNING] ⚠️  Botão de like não encontrado (o Rumble mudou o layout severamente ou você não está logado).
2026-03-04 16:26:07,486 [INFO] 👤 Canal possivelmente já seguido (ou botão não encontrado).
2026-03-04 16:26:26,359 [INFO] 💬 Comentário enviado via botão JS: "Excelente vídeo, produção de qualidade. Abraço!"
2026-03-04 16:26:26,361 [INFO] ⏳ Terminando de assistir o restante do vídeo (249s)...
2026-03-04 16:26:56,589 [INFO] ⏩ Player indicou fim do vídeo antecipadamente.
2026-03-04 16:26:56,589 [INFO] ✅ Vídeo finalizado por completo pela conta @joaquimcruz!
2026-03-04 16:26:56,589 [INFO] 🚪 Tarefas concluídas para @joaquimcruz. Encerrando navegador do perfil...
2026-03-04 16:26:58,627 [INFO] ⏸ Aguardando 10s antes de trocar de conta...

2026-03-04 16:27:08,631 [INFO] 
############################################################
2026-03-04 16:27:08,631 [INFO] 👥 INICIANDO SESSÃO - CONTA 3/4: @naturalisofc
2026-03-04 16:27:08,631 [INFO] ############################################################
2026-03-04 16:27:08,631 [INFO] 🧹 Fechando processos abertos do Chrome para liberar portas...
2026-03-04 16:27:11,112 [INFO] 🌐 Iniciando o Chrome de Automação Isolado...
2026-03-04 16:27:11,151 [INFO] ⏳ Aguardando o Chrome iniciar a porta (10s)...
2026-03-04 16:27:21,154 [INFO] ====== WebDriver manager ======
2026-03-04 16:27:23,442 [INFO] Get LATEST chromedriver version for google-chrome
2026-03-04 16:27:24,842 [INFO] Get LATEST chromedriver version for google-chrome
2026-03-04 16:27:26,006 [INFO] Driver [C:\Users\joaqu\.wdm\drivers\chromedriver\win64\145.0.7632.117\chromedriver-win32/chromedriver.exe] found in cache
2026-03-04 16:27:26,602 [INFO] 🔑 Verificando login para a conta: naturalisofc ...
2026-03-04 16:27:51,307 [INFO] ✅ Cloudflare superado.
2026-03-04 16:27:56,384 [WARNING] ⚠️  Erro na automação de login (pode já estar logado ou layout mudou): Message: no such element: Unable to locate element: {"method":"css selector","selector":"input[name='username'], input[type='email'], input#login-username"}
  (Session info: chrome=145.0.7632.117); For documentation on this error, please visit: https://www.selenium.dev/documentation/webdriver/troubleshooting/errors#nosuchelementexception
Stacktrace:
Symbols not available. Dumping unresolved backtrace:
	0x837dd3
	0x837e14
	0x641db0
	0x68c20a
	0x68c4ab
	0x6cde32
	0x6aea84
	0x6cb621
	0x6ae7d6
	0x680049
	0x680e04
	0xa96924
	0xa91bf7
	0xaaf5a0
	0x850f58
	0x85891d
	0x840648
	0x840812
	0x82a21a
	0x75305d49
	0x7775d83b
	0x7775d7c1

2026-03-04 16:27:56,385 [INFO] 🎬 Processando 5 vídeos listados para a conta @naturalisofc...
2026-03-04 16:27:56,390 [INFO] 
--------------------------------------------------
2026-03-04 16:27:56,390 [INFO] 📹 Vídeo 1/5: https://rumble.com/v76lmai-karaok-edson-and-hudson-and-hugo-and-guilherme-oi-deus-ao-vivo.html (@naturalisofc)
2026-03-04 16:27:56,392 [INFO] ▶️  Abrindo: https://rumble.com/v76lmai-karaok-edson-and-hudson-and-hugo-and-guilherme-oi-deus-ao-vivo.html
2026-03-04 16:28:08,307 [INFO] ⏱  Assistindo os primeiros 10s para liberar os botões (duração total: 215s)...
2026-03-04 16:28:18,395 [INFO] ✅ Visualização inicial concluída.
2026-03-04 16:28:19,811 [INFO] 👍 Like dado via injeção JavaScript (Novo Layout)!
2026-03-04 16:28:21,196 [INFO] 👤 Canal possivelmente já seguido (ou botão não encontrado).
2026-03-04 16:28:37,975 [INFO] 💬 Comentário enviado via botão JS: "Excelente trabalho, parabéns! Obrigado! p"
2026-03-04 16:28:37,980 [INFO] ⏳ Terminando de assistir o restante do vídeo (173s)...
2026-03-04 16:31:33,859 [INFO] ✅ Vídeo finalizado por completo pela conta @naturalisofc!
2026-03-04 16:31:33,860 [INFO] ⏸  Aguardando 6s até o próximo vídeo...
2026-03-04 16:31:39,888 [INFO] 
--------------------------------------------------
2026-03-04 16:31:39,888 [INFO] 📹 Vídeo 2/5: https://rumble.com/shorts/v76lu22 (@naturalisofc)
2026-03-04 16:31:39,889 [INFO] ▶️  Abrindo: https://rumble.com/shorts/v76lu22
2026-03-04 16:31:47,271 [ERROR] ❌ Erro no vídeo com @naturalisofc: Message: element not interactable
  (Session info: chrome=145.0.7632.117); For documentation on this error, please visit: https://www.selenium.dev/documentation/webdriver/troubleshooting/errors#elementnotinteractableexception
Stacktrace:
Symbols not available. Dumping unresolved backtrace:
	0x837dd3
	0x837e14
	0x641bee
	0x68d354
	0x681e88
	0x6aea3c
	0x6818c4
	0x6aec04
	0x6cb621
	0x6ae7d6
	0x680049
	0x680e04
	0xa96924
	0xa91bf7
	0xaaf5a0
	0x850f58
	0x85891d
	0x840648
	0x840812
	0x82a21a
	0x75305d49
	0x7775d83b
	0x7775d7c1

2026-03-04 16:31:47,272 [INFO] ⏸  Aguardando 5s até o próximo vídeo...
2026-03-04 16:31:51,807 [INFO] 
--------------------------------------------------
2026-03-04 16:31:51,807 [INFO] 📹 Vídeo 3/5: https://rumble.com/shorts/v76lu32 (@naturalisofc)
2026-03-04 16:31:51,808 [INFO] ▶️  Abrindo: https://rumble.com/shorts/v76lu32
2026-03-04 16:31:59,793 [INFO] ⏱  Assistindo os primeiros 10s para liberar os botões (duração total: 14s)...
2026-03-04 16:32:09,833 [INFO] ✅ Visualização inicial concluída.
2026-03-04 16:32:11,234 [INFO] 👍 Like dado via injeção JavaScript (Novo Layout)!
2026-03-04 16:32:12,335 [INFO] 👤 Canal possivelmente já seguido (ou botão não encontrado).
2026-03-04 16:32:17,012 [WARNING] ⚠️  Campo de comentário não encontrado (você precisa estar logado).
2026-03-04 16:32:17,015 [INFO] ✅ Vídeo finalizado por completo pela conta @naturalisofc!
2026-03-04 16:32:17,017 [INFO] ⏸  Aguardando 3s até o próximo vídeo...
2026-03-04 16:32:20,101 [INFO] 
--------------------------------------------------
2026-03-04 16:32:20,103 [INFO] 📹 Vídeo 4/5: https://rumble.com/v76mcp8-karaok-hugo-and-guilherme-coisa-de-menino-ao-vivo.html (@naturalisofc)
2026-03-04 16:32:20,103 [INFO] ▶️  Abrindo: https://rumble.com/v76mcp8-karaok-hugo-and-guilherme-coisa-de-menino-ao-vivo.html
2026-03-04 16:32:39,056 [WARNING] ⚠️  Duração do vídeo não encontrada (Live Stream ou erro). Assumindo 300s.
2026-03-04 16:32:39,056 [INFO] ⏱  Assistindo os primeiros 10s para liberar os botões (duração total: 300s)...
2026-03-04 16:32:49,574 [INFO] ✅ Visualização inicial concluída.
2026-03-04 16:32:50,954 [INFO] 👍 Like dado via injeção JavaScript (Novo Layout)!
2026-03-04 16:32:52,159 [INFO] 👤 Canal possivelmente já seguido (ou botão não encontrado).
2026-03-04 16:33:09,119 [INFO] 💬 Comentário enviado via botão JS: "Excelente vídeo, produção de qualidade.! ex"
2026-03-04 16:33:09,119 [INFO] ⏳ Terminando de assistir o restante do vídeo (250s)...
2026-03-04 16:35:35,725 [INFO] ⏩ Player indicou fim do vídeo antecipadamente.
2026-03-04 16:35:35,726 [INFO] ✅ Vídeo finalizado por completo pela conta @naturalisofc!
2026-03-04 16:35:35,726 [INFO] ⏸  Aguardando 4s até o próximo vídeo...
2026-03-04 16:35:40,177 [INFO] 
--------------------------------------------------
2026-03-04 16:35:40,177 [INFO] 📹 Vídeo 5/5: https://rumble.com/v76meuu-karaok-hugo-and-guilherme-di-demais-live.html (@naturalisofc)
2026-03-04 16:35:40,177 [INFO] ▶️  Abrindo: https://rumble.com/v76meuu-karaok-hugo-and-guilherme-di-demais-live.html
2026-03-04 16:35:59,561 [WARNING] ⚠️  Duração do vídeo não encontrada (Live Stream ou erro). Assumindo 300s.
2026-03-04 16:35:59,562 [INFO] ⏱  Assistindo os primeiros 10s para liberar os botões (duração total: 300s)...
2026-03-04 16:36:09,636 [INFO] ✅ Visualização inicial concluída.
2026-03-04 16:36:10,856 [WARNING] ⚠️  Botão de like não encontrado (o Rumble mudou o layout severamente ou você não está logado).
2026-03-04 16:36:12,626 [INFO] 👤 Canal possivelmente já seguido (ou botão não encontrado).
2026-03-04 16:36:17,235 [WARNING] ⚠️  Campo de comentário não encontrado (você precisa estar logado).
2026-03-04 16:36:17,242 [INFO] ⏳ Terminando de assistir o restante do vídeo (262s)...
2026-03-04 16:41:05,137 [INFO] Feche todas as outras janelas do Chrome antes de rodar este script, se possível.
2026-03-04 16:41:05,140 [INFO] 
############################################################
2026-03-04 16:41:05,140 [INFO] 👥 INICIANDO SESSÃO - CONTA 1/5: @uaijoaquim
2026-03-04 16:41:05,140 [INFO] ############################################################
2026-03-04 16:41:05,140 [INFO] 🧹 Fechando processos abertos do Chrome para liberar portas...
2026-03-04 16:41:07,501 [INFO] 🌐 Iniciando o Chrome de Automação Isolado...
2026-03-04 16:41:07,536 [INFO] ⏳ Aguardando o Chrome iniciar a porta (10s)...
2026-03-04 16:41:17,539 [INFO] ====== WebDriver manager ======
2026-03-04 16:41:19,917 [INFO] Get LATEST chromedriver version for google-chrome
2026-03-04 16:41:21,264 [INFO] Get LATEST chromedriver version for google-chrome
2026-03-04 16:41:22,504 [INFO] Driver [C:\Users\joaqu\.wdm\drivers\chromedriver\win64\145.0.7632.117\chromedriver-win32/chromedriver.exe] found in cache
2026-03-04 16:41:23,140 [INFO] 🔑 Verificando login para a conta: uaijoaquim ...
2026-03-04 16:41:46,262 [WARNING] ⚠️  Erro na automação de login (pode já estar logado ou layout mudou): Message: no such element: Unable to locate element: {"method":"css selector","selector":"input[name='username'], input[type='email'], input#login-username"}
  (Session info: chrome=145.0.7632.117); For documentation on this error, please visit: https://www.selenium.dev/documentation/webdriver/troubleshooting/errors#nosuchelementexception
Stacktrace:
Symbols not available. Dumping unresolved backtrace:
	0xd77dd3
	0xd77e14
	0xb81db0
	0xbcc20a
	0xbcc4ab
	0xc0de32
	0xbeea84
	0xc0b621
	0xbee7d6
	0xbc0049
	0xbc0e04
	0xfd6924
	0xfd1bf7
	0xfef5a0
	0xd90f58
	0xd9891d
	0xd80648
	0xd80812
	0xd6a21a
	0x75305d49
	0x7775d83b
	0x7775d7c1

2026-03-04 16:41:46,265 [INFO] 🎬 Processando 5 vídeos listados para a conta @uaijoaquim...
2026-03-04 16:41:46,266 [INFO] 
--------------------------------------------------
2026-03-04 16:41:46,267 [INFO] 📹 Vídeo 1/5: https://rumble.com/v76lmai-karaok-edson-and-hudson-and-hugo-and-guilherme-oi-deus-ao-vivo.html (@uaijoaquim)
2026-03-04 16:41:46,269 [INFO] ▶️  Abrindo: https://rumble.com/v76lmai-karaok-edson-and-hudson-and-hugo-and-guilherme-oi-deus-ao-vivo.html
2026-03-04 16:41:58,397 [INFO] ⏱  Assistindo os primeiros 10s para liberar os botões (duração total: 215s)...
2026-03-04 16:42:08,558 [INFO] ✅ Visualização inicial concluída.
2026-03-04 16:42:10,414 [INFO] 👍 Like dado via injeção JavaScript (Novo Layout)!
2026-03-04 16:42:11,729 [INFO] 👤 Canal possivelmente já seguido (ou botão não encontrado).
2026-03-04 16:42:29,696 [INFO] 💬 Comentário enviado via botão JS: "Muito bom! Já compartilhei com meus amigos. d"
2026-03-04 16:42:29,701 [INFO] ⏳ Terminando de assistir o restante do vídeo (171s)...
2026-03-04 16:42:39,783 [INFO] ⏩ Player indicou fim do vídeo antecipadamente.
2026-03-04 16:42:39,783 [INFO] ✅ Vídeo finalizado por completo pela conta @uaijoaquim!
2026-03-04 16:42:39,783 [INFO] ⏸  Aguardando 5s até o próximo vídeo...
2026-03-04 16:42:45,247 [INFO] 
--------------------------------------------------
2026-03-04 16:42:45,248 [INFO] 📹 Vídeo 2/5: https://rumble.com/v76mh68-karaok-hugo-and-guilherme-di-demais-live.html (@uaijoaquim)
2026-03-04 16:42:45,248 [INFO] ▶️  Abrindo: https://rumble.com/v76mh68-karaok-hugo-and-guilherme-di-demais-live.html
2026-03-04 16:42:56,755 [INFO] ⏱  Assistindo os primeiros 10s para liberar os botões (duração total: 179s)...
2026-03-04 16:43:06,820 [INFO] ✅ Visualização inicial concluída.
2026-03-04 16:43:08,747 [INFO] 👍 Like dado via injeção JavaScript (Novo Layout)!
2026-03-04 16:43:10,195 [INFO] 👤 Canal possivelmente já seguido (ou botão não encontrado).
2026-03-04 16:43:26,740 [INFO] 💬 Comentário enviado via botão JS: "Gostei muito! O tema foi abordado perfeitamente. ✅ dr"
2026-03-04 16:43:26,740 [INFO] ⏳ Terminando de assistir o restante do vídeo (137s)...
2026-03-04 16:44:12,138 [INFO] ⏩ Player indicou fim do vídeo antecipadamente.
2026-03-04 16:44:12,139 [INFO] ✅ Vídeo finalizado por completo pela conta @uaijoaquim!
2026-03-04 16:44:12,139 [INFO] ⏸  Aguardando 3s até o próximo vídeo...
2026-03-04 16:44:15,378 [INFO] 
--------------------------------------------------
2026-03-04 16:44:15,379 [INFO] 📹 Vídeo 3/5: https://rumble.com/v76mlgi-z-neto-and-cristiano-and-cezar-and-paulinho-1-2-3-ao-vivo-karaok-com-segund.html (@uaijoaquim)
2026-03-04 16:44:15,381 [INFO] ▶️  Abrindo: https://rumble.com/v76mlgi-z-neto-and-cristiano-and-cezar-and-paulinho-1-2-3-ao-vivo-karaok-com-segund.html
2026-03-04 16:44:26,253 [INFO] ⏱  Assistindo os primeiros 10s para liberar os botões (duração total: 214s)...
2026-03-04 16:44:36,286 [INFO] ✅ Visualização inicial concluída.
2026-03-04 16:44:38,230 [INFO] 👍 Like dado via injeção JavaScript (Novo Layout)!
2026-03-04 16:44:39,329 [INFO] 👤 Canal possivelmente já seguido (ou botão não encontrado).
2026-03-04 16:44:56,477 [INFO] 💬 Comentário enviado via botão JS: "Que conteúdo bacana! Valeu pela dica. 👍 lf"
2026-03-04 16:44:56,479 [INFO] ⏳ Terminando de assistir o restante do vídeo (172s)...
2026-03-04 16:47:52,754 [INFO] ✅ Vídeo finalizado por completo pela conta @uaijoaquim!
2026-03-04 16:47:52,760 [INFO] ⏸  Aguardando 7s até o próximo vídeo...
2026-03-04 16:47:59,651 [INFO] 
--------------------------------------------------
2026-03-04 16:47:59,652 [INFO] 📹 Vídeo 4/5: https://rumble.com/v76mhsq-karaok-hugo-and-guilherme-coisa-de-menino-ao-vivo.html (@uaijoaquim)
2026-03-04 16:47:59,652 [INFO] ▶️  Abrindo: https://rumble.com/v76mhsq-karaok-hugo-and-guilherme-coisa-de-menino-ao-vivo.html
2026-03-04 16:48:11,275 [INFO] ⏱  Assistindo os primeiros 10s para liberar os botões (duração total: 162s)...
2026-03-04 16:48:21,331 [INFO] ✅ Visualização inicial concluída.
2026-03-04 16:48:22,944 [INFO] 👍 Like dado via injeção JavaScript (Novo Layout)!
2026-03-04 16:48:24,604 [INFO] 👤 Canal possivelmente já seguido (ou botão não encontrado).
2026-03-04 16:48:42,972 [INFO] 💬 Comentário enviado via botão JS: "Muito bom! Já compartilhei com meus amigos. 👍 s"
2026-03-04 16:48:42,974 [INFO] ⏳ Terminando de assistir o restante do vídeo (118s)...
2026-03-04 16:49:33,464 [INFO] ⏩ Player indicou fim do vídeo antecipadamente.
2026-03-04 16:49:33,474 [INFO] ✅ Vídeo finalizado por completo pela conta @uaijoaquim!
2026-03-04 16:49:33,479 [INFO] ⏸  Aguardando 5s até o próximo vídeo...
2026-03-04 16:49:38,530 [INFO] 
--------------------------------------------------
2026-03-04 16:49:38,530 [INFO] 📹 Vídeo 5/5: https://rumble.com/v76mlju-z-neto-and-cristiano-part-gian-and-giovani-convite-de-casamento-karaok-com-.html (@uaijoaquim)
2026-03-04 16:49:38,533 [INFO] ▶️  Abrindo: https://rumble.com/v76mlju-z-neto-and-cristiano-part-gian-and-giovani-convite-de-casamento-karaok-com-.html
2026-03-04 16:49:48,886 [INFO] ⏱  Assistindo os primeiros 10s para liberar os botões (duração total: 259s)...
2026-03-04 16:49:58,948 [INFO] ✅ Visualização inicial concluída.
2026-03-04 16:50:00,660 [INFO] 👍 Like dado via injeção JavaScript (Novo Layout)!
2026-03-04 16:50:02,250 [INFO] 👤 Canal possivelmente já seguido (ou botão não encontrado).
2026-03-04 16:50:16,181 [INFO] 💬 Comentário enviado via botão JS: "Muito informativo, obrigado! 🔥"
2026-03-04 16:50:16,182 [INFO] ⏳ Terminando de assistir o restante do vídeo (221s)...
2026-03-04 16:53:57,892 [INFO] ✅ Vídeo finalizado por completo pela conta @uaijoaquim!
2026-03-04 16:53:57,892 [INFO] 🚪 Tarefas concluídas para @uaijoaquim. Encerrando navegador do perfil...
2026-03-04 16:53:59,923 [INFO] ⏸ Aguardando 10s antes de trocar de conta...

2026-03-04 16:54:09,924 [INFO] 
############################################################
2026-03-04 16:54:09,925 [INFO] 👥 INICIANDO SESSÃO - CONTA 2/5: @joaquimcruz
2026-03-04 16:54:09,925 [INFO] ############################################################
2026-03-04 16:54:09,925 [INFO] 🧹 Fechando processos abertos do Chrome para liberar portas...
2026-03-04 16:54:12,329 [INFO] 🌐 Iniciando o Chrome de Automação Isolado...
2026-03-04 16:54:12,353 [INFO] ⏳ Aguardando o Chrome iniciar a porta (10s)...
2026-03-04 16:54:22,355 [INFO] ====== WebDriver manager ======
2026-03-04 16:54:24,717 [INFO] Get LATEST chromedriver version for google-chrome
2026-03-04 16:54:25,971 [INFO] Get LATEST chromedriver version for google-chrome
2026-03-04 16:54:27,138 [INFO] Driver [C:\Users\joaqu\.wdm\drivers\chromedriver\win64\145.0.7632.117\chromedriver-win32/chromedriver.exe] found in cache
2026-03-04 16:54:27,721 [INFO] 🔑 Verificando login para a conta: joaquimcruz ...
2026-03-04 16:54:38,299 [WARNING] ⚠️  Erro na automação de login (pode já estar logado ou layout mudou): Message: no such element: Unable to locate element: {"method":"css selector","selector":"input[name='username'], input[type='email'], input#login-username"}
  (Session info: chrome=145.0.7632.117); For documentation on this error, please visit: https://www.selenium.dev/documentation/webdriver/troubleshooting/errors#nosuchelementexception
Stacktrace:
Symbols not available. Dumping unresolved backtrace:
	0xd77dd3
	0xd77e14
	0xb81db0
	0xbcc20a
	0xbcc4ab
	0xc0de32
	0xbeea84
	0xc0b621
	0xbee7d6
	0xbc0049
	0xbc0e04
	0xfd6924
	0xfd1bf7
	0xfef5a0
	0xd90f58
	0xd9891d
	0xd80648
	0xd80812
	0xd6a21a
	0x75305d49
	0x7775d83b
	0x7775d7c1

2026-03-04 16:54:38,300 [INFO] 🎬 Processando 5 vídeos listados para a conta @joaquimcruz...
2026-03-04 16:54:38,300 [INFO] 
--------------------------------------------------
2026-03-04 16:54:38,300 [INFO] 📹 Vídeo 1/5: https://rumble.com/v76lmai-karaok-edson-and-hudson-and-hugo-and-guilherme-oi-deus-ao-vivo.html (@joaquimcruz)
2026-03-04 16:54:38,301 [INFO] ▶️  Abrindo: https://rumble.com/v76lmai-karaok-edson-and-hudson-and-hugo-and-guilherme-oi-deus-ao-vivo.html
2026-03-04 16:54:49,714 [INFO] ⏱  Assistindo os primeiros 10s para liberar os botões (duração total: 215s)...
2026-03-04 16:54:59,774 [INFO] ✅ Visualização inicial concluída.
2026-03-04 16:55:01,811 [INFO] 👍 Like dado via injeção JavaScript (Novo Layout)!
2026-03-04 16:55:03,172 [INFO] 👤 Canal possivelmente já seguido (ou botão não encontrado).
2026-03-04 16:55:21,749 [INFO] 💬 Comentário enviado via botão JS: "Muito bom, sempre aprendo algo novo aqui. 🔥 jw"
2026-03-04 16:55:21,750 [INFO] ⏳ Terminando de assistir o restante do vídeo (171s)...
2026-03-04 16:58:13,338 [INFO] ✅ Vídeo finalizado por completo pela conta @joaquimcruz!
2026-03-04 16:58:13,341 [INFO] ⏸  Aguardando 7s até o próximo vídeo...
2026-03-04 16:58:20,344 [INFO] 
--------------------------------------------------
2026-03-04 16:58:20,347 [INFO] 📹 Vídeo 2/5: https://rumble.com/v76mh68-karaok-hugo-and-guilherme-di-demais-live.html (@joaquimcruz)
2026-03-04 16:58:20,349 [INFO] ▶️  Abrindo: https://rumble.com/v76mh68-karaok-hugo-and-guilherme-di-demais-live.html
2026-03-04 16:58:31,799 [INFO] ⏱  Assistindo os primeiros 10s para liberar os botões (duração total: 179s)...
2026-03-04 16:58:41,876 [INFO] ✅ Visualização inicial concluída.
2026-03-04 16:58:43,259 [INFO] 👍 Like dado via injeção JavaScript (Novo Layout)!
2026-03-04 16:58:44,871 [INFO] 👤 Canal possivelmente já seguido (ou botão não encontrado).
2026-03-04 16:59:04,299 [INFO] 💬 Comentário enviado via botão JS: "Parabéns pelo trabalho, sempre agregando valor. Valeu!"
2026-03-04 16:59:04,299 [INFO] ⏳ Terminando de assistir o restante do vídeo (135s)...
2026-03-04 17:01:20,434 [INFO] ✅ Vídeo finalizado por completo pela conta @joaquimcruz!
2026-03-04 17:01:20,434 [INFO] ⏸  Aguardando 4s até o próximo vídeo...
2026-03-04 17:01:24,567 [INFO] 
--------------------------------------------------
2026-03-04 17:01:24,567 [INFO] 📹 Vídeo 3/5: https://rumble.com/v76mlgi-z-neto-and-cristiano-and-cezar-and-paulinho-1-2-3-ao-vivo-karaok-com-segund.html (@joaquimcruz)
2026-03-04 17:01:24,567 [INFO] ▶️  Abrindo: https://rumble.com/v76mlgi-z-neto-and-cristiano-and-cezar-and-paulinho-1-2-3-ao-vivo-karaok-com-segund.html
2026-03-04 17:01:35,383 [INFO] ⏱  Assistindo os primeiros 10s para liberar os botões (duração total: 214s)...
2026-03-04 17:01:45,417 [INFO] ✅ Visualização inicial concluída.
2026-03-04 17:01:47,225 [INFO] 👍 Like dado via injeção JavaScript (Novo Layout)!
2026-03-04 17:01:48,404 [INFO] 👤 Canal possivelmente já seguido (ou botão não encontrado).
2026-03-04 17:02:03,414 [INFO] 💬 Comentário enviado via botão JS: "Muito bom, sempre aprendo algo novo aqui. ✅"
2026-03-04 17:02:03,415 [INFO] ⏳ Terminando de assistir o restante do vídeo (175s)...
2026-03-04 17:05:02,863 [INFO] ✅ Vídeo finalizado por completo pela conta @joaquimcruz!
2026-03-04 17:05:02,866 [INFO] ⏸  Aguardando 6s até o próximo vídeo...
2026-03-04 17:05:08,477 [INFO] 
--------------------------------------------------
2026-03-04 17:05:08,478 [INFO] 📹 Vídeo 4/5: https://rumble.com/v76mhsq-karaok-hugo-and-guilherme-coisa-de-menino-ao-vivo.html (@joaquimcruz)
2026-03-04 17:05:08,480 [INFO] ▶️  Abrindo: https://rumble.com/v76mhsq-karaok-hugo-and-guilherme-coisa-de-menino-ao-vivo.html
2026-03-04 17:05:20,304 [INFO] ⏱  Assistindo os primeiros 10s para liberar os botões (duração total: 162s)...
2026-03-04 17:05:30,351 [INFO] ✅ Visualização inicial concluída.
2026-03-04 17:05:32,108 [INFO] 👍 Like dado via injeção JavaScript (Novo Layout)!
2026-03-04 17:05:34,008 [INFO] 👤 Canal possivelmente já seguido (ou botão não encontrado).
2026-03-04 17:05:50,878 [INFO] 💬 Comentário enviado via botão JS: "Muito bom! Já compartilhei com meus amigos. 👍 p"
2026-03-04 17:05:50,878 [INFO] ⏳ Terminando de assistir o restante do vídeo (119s)...
2026-03-04 17:07:51,926 [INFO] ✅ Vídeo finalizado por completo pela conta @joaquimcruz!
2026-03-04 17:07:51,926 [INFO] ⏸  Aguardando 6s até o próximo vídeo...
2026-03-04 17:07:58,295 [INFO] 
--------------------------------------------------
2026-03-04 17:07:58,296 [INFO] 📹 Vídeo 5/5: https://rumble.com/v76mlju-z-neto-and-cristiano-part-gian-and-giovani-convite-de-casamento-karaok-com-.html (@joaquimcruz)
2026-03-04 17:07:58,297 [INFO] ▶️  Abrindo: https://rumble.com/v76mlju-z-neto-and-cristiano-part-gian-and-giovani-convite-de-casamento-karaok-com-.html
2026-03-04 17:08:09,683 [INFO] ⏱  Assistindo os primeiros 10s para liberar os botões (duração total: 259s)...
2026-03-04 17:08:19,771 [INFO] ✅ Visualização inicial concluída.
2026-03-04 17:08:21,846 [INFO] 👍 Like dado via injeção JavaScript (Novo Layout)!
2026-03-04 17:08:23,749 [INFO] 👤 Canal possivelmente já seguido (ou botão não encontrado).
2026-03-04 17:08:38,535 [INFO] 💬 Comentário enviado via botão JS: "Excelente vídeo, produção de qualidade. ✅ p"
2026-03-04 17:08:38,537 [INFO] ⏳ Terminando de assistir o restante do vídeo (218s)...
2026-03-04 17:12:20,290 [INFO] ✅ Vídeo finalizado por completo pela conta @joaquimcruz!
2026-03-04 17:12:20,290 [INFO] 🚪 Tarefas concluídas para @joaquimcruz. Encerrando navegador do perfil...
2026-03-04 17:12:22,321 [INFO] ⏸ Aguardando 10s antes de trocar de conta...

2026-03-04 17:12:32,323 [INFO] 
############################################################
2026-03-04 17:12:32,323 [INFO] 👥 INICIANDO SESSÃO - CONTA 3/5: @naturalisofc
2026-03-04 17:12:32,323 [INFO] ############################################################
2026-03-04 17:12:32,323 [INFO] 🧹 Fechando processos abertos do Chrome para liberar portas...
2026-03-04 17:12:34,802 [INFO] 🌐 Iniciando o Chrome de Automação Isolado...
2026-03-04 17:12:34,828 [INFO] ⏳ Aguardando o Chrome iniciar a porta (10s)...
2026-03-04 17:12:44,830 [INFO] ====== WebDriver manager ======
2026-03-04 17:12:47,197 [INFO] Get LATEST chromedriver version for google-chrome
2026-03-04 17:12:48,459 [INFO] Get LATEST chromedriver version for google-chrome
2026-03-04 17:12:49,616 [INFO] Driver [C:\Users\joaqu\.wdm\drivers\chromedriver\win64\145.0.7632.117\chromedriver-win32/chromedriver.exe] found in cache
2026-03-04 17:12:50,186 [INFO] 🔑 Verificando login para a conta: naturalisofc ...
2026-03-04 17:13:20,939 [WARNING] ⚠️  Erro na automação de login (pode já estar logado ou layout mudou): Message: no such element: Unable to locate element: {"method":"css selector","selector":"input[name='username'], input[type='email'], input#login-username"}
  (Session info: chrome=145.0.7632.117); For documentation on this error, please visit: https://www.selenium.dev/documentation/webdriver/troubleshooting/errors#nosuchelementexception
Stacktrace:
Symbols not available. Dumping unresolved backtrace:
	0xd77dd3
	0xd77e14
	0xb81db0
	0xbcc20a
	0xbcc4ab
	0xc0de32
	0xbeea84
	0xc0b621
	0xbee7d6
	0xbc0049
	0xbc0e04
	0xfd6924
	0xfd1bf7
	0xfef5a0
	0xd90f58
	0xd9891d
	0xd80648
	0xd80812
	0xd6a21a
	0x75305d49
	0x7775d83b
	0x7775d7c1

2026-03-04 17:13:20,940 [INFO] 🎬 Processando 5 vídeos listados para a conta @naturalisofc...
2026-03-04 17:13:20,941 [INFO] 
--------------------------------------------------
2026-03-04 17:13:20,941 [INFO] 📹 Vídeo 1/5: https://rumble.com/v76lmai-karaok-edson-and-hudson-and-hugo-and-guilherme-oi-deus-ao-vivo.html (@naturalisofc)
2026-03-04 17:13:20,941 [INFO] ▶️  Abrindo: https://rumble.com/v76lmai-karaok-edson-and-hudson-and-hugo-and-guilherme-oi-deus-ao-vivo.html
2026-03-04 17:13:32,846 [INFO] ⏱  Assistindo os primeiros 10s para liberar os botões (duração total: 215s)...
2026-03-04 17:13:42,927 [INFO] ✅ Visualização inicial concluída.
2026-03-04 17:13:43,991 [INFO] 👍 Like dado via injeção JavaScript (Novo Layout)!
2026-03-04 17:13:45,081 [INFO] 👤 Canal possivelmente já seguido (ou botão não encontrado).
2026-03-04 17:14:03,188 [INFO] 💬 Comentário enviado via botão JS: "Continue assim, sempre bom conteúdo! Abraço!"
2026-03-04 17:14:03,189 [INFO] ⏳ Terminando de assistir o restante do vídeo (172s)...
2026-03-04 17:14:33,469 [INFO] ⏩ Player indicou fim do vídeo antecipadamente.
2026-03-04 17:14:33,469 [INFO] ✅ Vídeo finalizado por completo pela conta @naturalisofc!
2026-03-04 17:14:33,470 [INFO] ⏸  Aguardando 7s até o próximo vídeo...
2026-03-04 17:14:40,364 [INFO] 
--------------------------------------------------
2026-03-04 17:14:40,365 [INFO] 📹 Vídeo 2/5: https://rumble.com/v76mh68-karaok-hugo-and-guilherme-di-demais-live.html (@naturalisofc)
2026-03-04 17:14:40,367 [INFO] ▶️  Abrindo: https://rumble.com/v76mh68-karaok-hugo-and-guilherme-di-demais-live.html
2026-03-04 17:14:51,831 [INFO] ⏱  Assistindo os primeiros 10s para liberar os botões (duração total: 179s)...
2026-03-04 17:15:02,014 [INFO] ✅ Visualização inicial concluída.
2026-03-04 17:15:03,176 [INFO] 👍 Like dado via injeção JavaScript (Novo Layout)!
2026-03-04 17:15:04,393 [INFO] 👤 Canal possivelmente já seguido (ou botão não encontrado).
2026-03-04 17:15:20,789 [INFO] 💬 Comentário enviado via botão JS: "Sensacional! Continua com esse conteúdo. 🔥 d"
2026-03-04 17:15:20,794 [INFO] ⏳ Terminando de assistir o restante do vídeo (138s)...
2026-03-04 17:16:51,558 [INFO] ⏩ Player indicou fim do vídeo antecipadamente.
2026-03-04 17:16:51,560 [INFO] ✅ Vídeo finalizado por completo pela conta @naturalisofc!
2026-03-04 17:16:51,562 [INFO] ⏸  Aguardando 4s até o próximo vídeo...
2026-03-04 17:16:55,579 [INFO] 
--------------------------------------------------
2026-03-04 17:16:55,579 [INFO] 📹 Vídeo 3/5: https://rumble.com/v76mlgi-z-neto-and-cristiano-and-cezar-and-paulinho-1-2-3-ao-vivo-karaok-com-segund.html (@naturalisofc)
2026-03-04 17:16:55,581 [INFO] ▶️  Abrindo: https://rumble.com/v76mlgi-z-neto-and-cristiano-and-cezar-and-paulinho-1-2-3-ao-vivo-karaok-com-segund.html
2026-03-04 17:17:06,265 [INFO] ⏱  Assistindo os primeiros 10s para liberar os botões (duração total: 214s)...
2026-03-04 17:17:16,335 [INFO] ✅ Visualização inicial concluída.
2026-03-04 17:17:17,851 [INFO] 👍 Like dado via injeção JavaScript (Novo Layout)!
2026-03-04 17:17:19,573 [INFO] 👤 Canal possivelmente já seguido (ou botão não encontrado).
2026-03-04 17:17:34,504 [INFO] 💬 Comentário enviado via botão JS: "Ótimo vídeo! Continue postando. 👍"
2026-03-04 17:17:34,507 [INFO] ⏳ Terminando de assistir o restante do vídeo (175s)...
2026-03-04 17:18:29,985 [INFO] ⏩ Player indicou fim do vídeo antecipadamente.
2026-03-04 17:18:29,986 [INFO] ✅ Vídeo finalizado por completo pela conta @naturalisofc!
2026-03-04 17:18:29,986 [INFO] ⏸  Aguardando 6s até o próximo vídeo...
2026-03-04 17:18:36,383 [INFO] 
--------------------------------------------------
2026-03-04 17:18:36,384 [INFO] 📹 Vídeo 4/5: https://rumble.com/v76mhsq-karaok-hugo-and-guilherme-coisa-de-menino-ao-vivo.html (@naturalisofc)
2026-03-04 17:18:36,384 [INFO] ▶️  Abrindo: https://rumble.com/v76mhsq-karaok-hugo-and-guilherme-coisa-de-menino-ao-vivo.html
2026-03-04 17:18:47,697 [INFO] ⏱  Assistindo os primeiros 10s para liberar os botões (duração total: 162s)...
2026-03-04 17:18:57,761 [INFO] ✅ Visualização inicial concluída.
2026-03-04 17:18:58,902 [INFO] 👍 Like dado via injeção JavaScript (Novo Layout)!
2026-03-04 17:19:00,038 [INFO] 👤 Canal possivelmente já seguido (ou botão não encontrado).
2026-03-04 17:19:15,848 [INFO] 💬 Comentário enviado via botão JS: "Conteúdo incrível! Obrigado por compartilhar. m"
2026-03-04 17:19:15,848 [INFO] ⏳ Terminando de assistir o restante do vídeo (122s)...
2026-03-04 17:19:41,105 [INFO] ⏩ Player indicou fim do vídeo antecipadamente.
2026-03-04 17:19:41,106 [INFO] ✅ Vídeo finalizado por completo pela conta @naturalisofc!
2026-03-04 17:19:41,106 [INFO] ⏸  Aguardando 7s até o próximo vídeo...
2026-03-04 17:19:48,480 [INFO] 
--------------------------------------------------
2026-03-04 17:19:48,480 [INFO] 📹 Vídeo 5/5: https://rumble.com/v76mlju-z-neto-and-cristiano-part-gian-and-giovani-convite-de-casamento-karaok-com-.html (@naturalisofc)
2026-03-04 17:19:48,482 [INFO] ▶️  Abrindo: https://rumble.com/v76mlju-z-neto-and-cristiano-part-gian-and-giovani-convite-de-casamento-karaok-com-.html
2026-03-04 17:19:59,479 [INFO] ⏱  Assistindo os primeiros 10s para liberar os botões (duração total: 259s)...
2026-03-04 17:20:09,550 [INFO] ✅ Visualização inicial concluída.
2026-03-04 17:20:11,064 [INFO] 👍 Like dado via injeção JavaScript (Novo Layout)!
2026-03-04 17:20:12,981 [INFO] 👤 Canal possivelmente já seguido (ou botão não encontrado).
2026-03-04 17:20:31,117 [INFO] 💬 Comentário enviado via botão JS: "Excelente vídeo, produção de qualidade. Valeu! v"
2026-03-04 17:20:31,121 [INFO] ⏳ Terminando de assistir o restante do vídeo (216s)...
2026-03-04 17:21:41,726 [INFO] ⏩ Player indicou fim do vídeo antecipadamente.
2026-03-04 17:21:41,726 [INFO] ✅ Vídeo finalizado por completo pela conta @naturalisofc!
2026-03-04 17:21:41,726 [INFO] 🚪 Tarefas concluídas para @naturalisofc. Encerrando navegador do perfil...
2026-03-04 17:21:43,756 [INFO] ⏸ Aguardando 10s antes de trocar de conta...

2026-03-04 17:21:53,759 [INFO] 
############################################################
2026-03-04 17:21:53,759 [INFO] 👥 INICIANDO SESSÃO - CONTA 4/5: @realstories
2026-03-04 17:21:53,759 [INFO] ############################################################
2026-03-04 17:21:53,762 [INFO] 🧹 Fechando processos abertos do Chrome para liberar portas...
2026-03-04 17:21:56,098 [INFO] 🌐 Iniciando o Chrome de Automação Isolado...
2026-03-04 17:21:56,124 [INFO] ⏳ Aguardando o Chrome iniciar a porta (10s)...
2026-03-04 17:22:06,125 [INFO] ====== WebDriver manager ======
2026-03-04 17:22:08,101 [INFO] Get LATEST chromedriver version for google-chrome
2026-03-04 17:22:09,159 [INFO] Get LATEST chromedriver version for google-chrome
2026-03-04 17:22:10,304 [INFO] Driver [C:\Users\joaqu\.wdm\drivers\chromedriver\win64\145.0.7632.117\chromedriver-win32/chromedriver.exe] found in cache
2026-03-04 17:22:10,941 [INFO] 🔑 Verificando login para a conta: realstories ...
2026-03-04 17:22:21,153 [INFO] ✅ Cloudflare superado.
2026-03-04 17:22:26,198 [WARNING] ⚠️  Erro na automação de login (pode já estar logado ou layout mudou): Message: no such element: Unable to locate element: {"method":"css selector","selector":"input[name='username'], input[type='email'], input#login-username"}
  (Session info: chrome=145.0.7632.117); For documentation on this error, please visit: https://www.selenium.dev/documentation/webdriver/troubleshooting/errors#nosuchelementexception
Stacktrace:
Symbols not available. Dumping unresolved backtrace:
	0xd77dd3
	0xd77e14
	0xb81db0
	0xbcc20a
	0xbcc4ab
	0xc0de32
	0xbeea84
	0xc0b621
	0xbee7d6
	0xbc0049
	0xbc0e04
	0xfd6924
	0xfd1bf7
	0xfef5a0
	0xd90f58
	0xd9891d
	0xd80648
	0xd80812
	0xd6a21a
	0x75305d49
	0x7775d83b
	0x7775d7c1

2026-03-04 17:22:26,200 [INFO] 🎬 Processando 5 vídeos listados para a conta @realstories...
2026-03-04 17:22:26,200 [INFO] 
--------------------------------------------------
2026-03-04 17:22:26,200 [INFO] 📹 Vídeo 1/5: https://rumble.com/v76lmai-karaok-edson-and-hudson-and-hugo-and-guilherme-oi-deus-ao-vivo.html (@realstories)
2026-03-04 17:22:26,200 [INFO] ▶️  Abrindo: https://rumble.com/v76lmai-karaok-edson-and-hudson-and-hugo-and-guilherme-oi-deus-ao-vivo.html
2026-03-04 17:22:37,515 [INFO] ⏱  Assistindo os primeiros 10s para liberar os botões (duração total: 215s)...
2026-03-04 17:22:47,557 [INFO] ✅ Visualização inicial concluída.
2026-03-04 17:22:49,100 [INFO] 👍 Like dado via injeção JavaScript (Novo Layout)!
2026-03-04 17:22:51,075 [INFO] 👤 Canal possivelmente já seguido (ou botão não encontrado).
2026-03-04 17:23:07,339 [INFO] 💬 Comentário enviado via botão JS: "Que conteúdo bacana! Valeu pela dica. 🙌 i"
2026-03-04 17:23:07,339 [INFO] ⏳ Terminando de assistir o restante do vídeo (173s)...
2026-03-04 17:26:04,104 [INFO] ✅ Vídeo finalizado por completo pela conta @realstories!
2026-03-04 17:26:04,108 [INFO] ⏸  Aguardando 3s até o próximo vídeo...
2026-03-04 17:26:07,177 [INFO] 
--------------------------------------------------
2026-03-04 17:26:07,177 [INFO] 📹 Vídeo 2/5: https://rumble.com/v76mh68-karaok-hugo-and-guilherme-di-demais-live.html (@realstories)
2026-03-04 17:26:07,180 [INFO] ▶️  Abrindo: https://rumble.com/v76mh68-karaok-hugo-and-guilherme-di-demais-live.html
2026-03-04 17:26:18,459 [INFO] ⏱  Assistindo os primeiros 10s para liberar os botões (duração total: 179s)...
2026-03-04 17:26:28,652 [INFO] ✅ Visualização inicial concluída.
2026-03-04 17:26:30,662 [INFO] 👍 Like dado via injeção JavaScript (Novo Layout)!
2026-03-04 17:26:32,124 [INFO] 👤 Canal possivelmente já seguido (ou botão não encontrado).
2026-03-04 17:26:51,259 [INFO] 💬 Comentário enviado via botão JS: "Conteúdo incrível! Obrigado por compartilhar. Valeu!"
2026-03-04 17:26:51,259 [INFO] ⏳ Terminando de assistir o restante do vídeo (134s)...
2026-03-04 17:28:47,514 [INFO] ⏩ Player indicou fim do vídeo antecipadamente.
2026-03-04 17:28:47,515 [INFO] ✅ Vídeo finalizado por completo pela conta @realstories!
2026-03-04 17:28:47,515 [INFO] ⏸  Aguardando 7s até o próximo vídeo...
2026-03-04 17:28:54,107 [INFO] 
--------------------------------------------------
2026-03-04 17:28:54,107 [INFO] 📹 Vídeo 3/5: https://rumble.com/v76mlgi-z-neto-and-cristiano-and-cezar-and-paulinho-1-2-3-ao-vivo-karaok-com-segund.html (@realstories)
2026-03-04 17:28:54,108 [INFO] ▶️  Abrindo: https://rumble.com/v76mlgi-z-neto-and-cristiano-and-cezar-and-paulinho-1-2-3-ao-vivo-karaok-com-segund.html
2026-03-04 17:29:04,700 [INFO] ⏱  Assistindo os primeiros 10s para liberar os botões (duração total: 214s)...
2026-03-04 17:29:14,776 [INFO] ✅ Visualização inicial concluída.
2026-03-04 17:29:16,147 [INFO] 👍 Like dado via injeção JavaScript (Novo Layout)!
2026-03-04 17:29:17,610 [INFO] 👤 Canal possivelmente já seguido (ou botão não encontrado).
2026-03-04 17:29:30,389 [INFO] 💬 Comentário enviado via botão JS: "Top demais! 🔥 🎉"
2026-03-04 17:29:30,389 [INFO] ⏳ Terminando de assistir o restante do vídeo (177s)...
2026-03-04 17:32:01,847 [INFO] ⏩ Player indicou fim do vídeo antecipadamente.
2026-03-04 17:32:01,847 [INFO] ✅ Vídeo finalizado por completo pela conta @realstories!
2026-03-04 17:32:01,848 [INFO] ⏸  Aguardando 4s até o próximo vídeo...
2026-03-04 17:32:05,668 [INFO] 
--------------------------------------------------
2026-03-04 17:32:05,669 [INFO] 📹 Vídeo 4/5: https://rumble.com/v76mhsq-karaok-hugo-and-guilherme-coisa-de-menino-ao-vivo.html (@realstories)
2026-03-04 17:32:05,669 [INFO] ▶️  Abrindo: https://rumble.com/v76mhsq-karaok-hugo-and-guilherme-coisa-de-menino-ao-vivo.html
2026-03-04 17:32:17,492 [INFO] ⏱  Assistindo os primeiros 10s para liberar os botões (duração total: 162s)...
2026-03-04 17:32:27,572 [INFO] ✅ Visualização inicial concluída.
2026-03-04 17:32:28,725 [INFO] 👍 Like dado via injeção JavaScript (Novo Layout)!
2026-03-04 17:32:30,279 [INFO] 👤 Canal possivelmente já seguido (ou botão não encontrado).
2026-03-04 17:32:50,236 [INFO] 💬 Comentário enviado via botão JS: "Conteúdo incrível! Obrigado por compartilhar. Valeu! h"
2026-03-04 17:32:50,237 [INFO] ⏳ Terminando de assistir o restante do vídeo (117s)...
2026-03-04 17:34:51,529 [INFO] ✅ Vídeo finalizado por completo pela conta @realstories!
2026-03-04 17:34:51,530 [INFO] ⏸  Aguardando 4s até o próximo vídeo...
2026-03-04 17:34:55,042 [INFO] 
--------------------------------------------------
2026-03-04 17:34:55,043 [INFO] 📹 Vídeo 5/5: https://rumble.com/v76mlju-z-neto-and-cristiano-part-gian-and-giovani-convite-de-casamento-karaok-com-.html (@realstories)
2026-03-04 17:34:55,043 [INFO] ▶️  Abrindo: https://rumble.com/v76mlju-z-neto-and-cristiano-part-gian-and-giovani-convite-de-casamento-karaok-com-.html
2026-03-04 17:35:08,623 [INFO] ⏱  Assistindo os primeiros 10s para liberar os botões (duração total: 259s)...
2026-03-04 17:35:18,719 [INFO] ✅ Visualização inicial concluída.
2026-03-04 17:35:20,690 [INFO] 👍 Like dado via injeção JavaScript (Novo Layout)!
2026-03-04 17:35:22,164 [INFO] 👤 Canal possivelmente já seguido (ou botão não encontrado).
2026-03-04 17:35:39,132 [INFO] 💬 Comentário enviado via botão JS: "Incrível! Aprendi bastante com esse vídeo. Abraço! et"
2026-03-04 17:35:39,132 [INFO] ⏳ Terminando de assistir o restante do vídeo (214s)...
2026-03-04 17:37:04,897 [INFO] ⏩ Player indicou fim do vídeo antecipadamente.
2026-03-04 17:37:04,898 [INFO] ✅ Vídeo finalizado por completo pela conta @realstories!
2026-03-04 17:37:04,900 [INFO] 🚪 Tarefas concluídas para @realstories. Encerrando navegador do perfil...
2026-03-04 17:37:06,932 [INFO] ⏸ Aguardando 10s antes de trocar de conta...

2026-03-04 17:37:16,935 [INFO] 
############################################################
2026-03-04 17:37:16,935 [INFO] 👥 INICIANDO SESSÃO - CONTA 5/5: @olimpiamais
2026-03-04 17:37:16,937 [INFO] ############################################################
2026-03-04 17:37:16,937 [INFO] 🧹 Fechando processos abertos do Chrome para liberar portas...
2026-03-04 17:37:19,303 [INFO] 🌐 Iniciando o Chrome de Automação Isolado...
2026-03-04 17:37:19,317 [INFO] ⏳ Aguardando o Chrome iniciar a porta (10s)...
2026-03-04 17:37:29,320 [INFO] ====== WebDriver manager ======
2026-03-04 17:37:31,410 [INFO] Get LATEST chromedriver version for google-chrome
2026-03-04 17:37:36,037 [INFO] Get LATEST chromedriver version for google-chrome
2026-03-04 17:37:37,197 [INFO] Driver [C:\Users\joaqu\.wdm\drivers\chromedriver\win64\145.0.7632.117\chromedriver-win32/chromedriver.exe] found in cache
2026-03-04 17:37:37,786 [INFO] 🔑 Verificando login para a conta: olimpiamais ...
2026-03-04 17:38:05,436 [INFO] ✅ Cloudflare superado.
2026-03-04 17:38:12,880 [INFO] 🔑 Credenciais enviadas. Aguardando processamento...
2026-03-04 17:38:24,635 [INFO] ✅ Nova Sessão efetuada com sucesso para 'olimpiamais'!
2026-03-04 17:38:24,636 [INFO] 🎬 Processando 5 vídeos listados para a conta @olimpiamais...
2026-03-04 17:38:24,636 [INFO] 
--------------------------------------------------
2026-03-04 17:38:24,637 [INFO] 📹 Vídeo 1/5: https://rumble.com/v76lmai-karaok-edson-and-hudson-and-hugo-and-guilherme-oi-deus-ao-vivo.html (@olimpiamais)
2026-03-04 17:38:24,637 [INFO] ▶️  Abrindo: https://rumble.com/v76lmai-karaok-edson-and-hudson-and-hugo-and-guilherme-oi-deus-ao-vivo.html
2026-03-04 17:38:46,403 [INFO] ⏱  Assistindo os primeiros 10s para liberar os botões (duração total: 215s)...
2026-03-04 17:38:56,522 [INFO] ✅ Visualização inicial concluída.
2026-03-04 17:38:58,409 [INFO] 👍 Like dado via injeção JavaScript (Novo Layout)!
2026-03-04 17:39:00,293 [INFO] 👤 Canal Seguido com sucesso!
2026-03-04 17:39:17,982 [INFO] 💬 Comentário enviado via botão JS: "Muito relevante, parabéns pela dedicação! 🙌"
2026-03-04 17:39:17,982 [INFO] ⏳ Terminando de assistir o restante do vídeo (161s)...
2026-03-04 17:41:14,167 [INFO] ⏩ Player indicou fim do vídeo antecipadamente.
2026-03-04 17:41:14,167 [INFO] ✅ Vídeo finalizado por completo pela conta @olimpiamais!
2026-03-04 17:41:14,175 [INFO] ⏸  Aguardando 6s até o próximo vídeo...
2026-03-04 17:41:20,617 [INFO] 
--------------------------------------------------
2026-03-04 17:41:20,617 [INFO] 📹 Vídeo 2/5: https://rumble.com/v76mh68-karaok-hugo-and-guilherme-di-demais-live.html (@olimpiamais)
2026-03-04 17:41:20,617 [INFO] ▶️  Abrindo: https://rumble.com/v76mh68-karaok-hugo-and-guilherme-di-demais-live.html
2026-03-04 17:41:33,048 [INFO] ⏱  Assistindo os primeiros 10s para liberar os botões (duração total: 179s)...
2026-03-04 17:41:43,265 [INFO] ✅ Visualização inicial concluída.
2026-03-04 17:41:45,061 [INFO] 👍 Like dado via injeção JavaScript (Novo Layout)!
2026-03-04 17:41:47,047 [INFO] 👤 Canal possivelmente já seguido (ou botão não encontrado).
2026-03-04 17:42:04,072 [INFO] 💬 Comentário enviado via botão JS: "Parabéns pelo trabalho, sempre agregando valor. 👍"
2026-03-04 17:42:04,075 [INFO] ⏳ Terminando de assistir o restante do vídeo (135s)...
2026-03-04 17:42:34,331 [INFO] ⏩ Player indicou fim do vídeo antecipadamente.
2026-03-04 17:42:34,332 [INFO] ✅ Vídeo finalizado por completo pela conta @olimpiamais!
2026-03-04 17:42:34,332 [INFO] ⏸  Aguardando 4s até o próximo vídeo...
2026-03-04 17:42:38,174 [INFO] 
--------------------------------------------------
2026-03-04 17:42:38,175 [INFO] 📹 Vídeo 3/5: https://rumble.com/v76mlgi-z-neto-and-cristiano-and-cezar-and-paulinho-1-2-3-ao-vivo-karaok-com-segund.html (@olimpiamais)
2026-03-04 17:42:38,175 [INFO] ▶️  Abrindo: https://rumble.com/v76mlgi-z-neto-and-cristiano-and-cezar-and-paulinho-1-2-3-ao-vivo-karaok-com-segund.html
2026-03-04 17:42:48,490 [INFO] ⏱  Assistindo os primeiros 10s para liberar os botões (duração total: 214s)...
2026-03-04 17:42:58,525 [INFO] ✅ Visualização inicial concluída.
2026-03-04 17:42:59,926 [INFO] 👍 Like dado via injeção JavaScript (Novo Layout)!
2026-03-04 17:43:01,671 [INFO] 👤 Canal possivelmente já seguido (ou botão não encontrado).
2026-03-04 17:43:18,835 [INFO] 💬 Comentário enviado via botão JS: "Adorei o conteúdo, muito esclarecedor! zb"
2026-03-04 17:43:18,836 [INFO] ⏳ Terminando de assistir o restante do vídeo (173s)...
2026-03-04 17:44:19,374 [INFO] ⏩ Player indicou fim do vídeo antecipadamente.
2026-03-04 17:44:19,375 [INFO] ✅ Vídeo finalizado por completo pela conta @olimpiamais!
2026-03-04 17:44:19,376 [INFO] ⏸  Aguardando 8s até o próximo vídeo...
2026-03-04 17:44:27,223 [INFO] 
--------------------------------------------------
2026-03-04 17:44:27,223 [INFO] 📹 Vídeo 4/5: https://rumble.com/v76mhsq-karaok-hugo-and-guilherme-coisa-de-menino-ao-vivo.html (@olimpiamais)
2026-03-04 17:44:27,225 [INFO] ▶️  Abrindo: https://rumble.com/v76mhsq-karaok-hugo-and-guilherme-coisa-de-menino-ao-vivo.html
2026-03-04 17:44:39,579 [INFO] ⏱  Assistindo os primeiros 10s para liberar os botões (duração total: 162s)...
2026-03-04 17:44:49,621 [INFO] ✅ Visualização inicial concluída.
2026-03-04 17:44:50,817 [INFO] 👍 Like dado via injeção JavaScript (Novo Layout)!
2026-03-04 17:44:52,809 [INFO] 👤 Canal possivelmente já seguido (ou botão não encontrado).
2026-03-04 17:45:08,719 [INFO] 💬 Comentário enviado via botão JS: "Que conteúdo bacana! Valeu pela dica.! r"
2026-03-04 17:45:08,719 [INFO] ⏳ Terminando de assistir o restante do vídeo (120s)...
2026-03-04 17:47:09,746 [INFO] ✅ Vídeo finalizado por completo pela conta @olimpiamais!
2026-03-04 17:47:09,747 [INFO] ⏸  Aguardando 8s até o próximo vídeo...
2026-03-04 17:47:17,411 [INFO] 
--------------------------------------------------
2026-03-04 17:47:17,411 [INFO] 📹 Vídeo 5/5: https://rumble.com/v76mlju-z-neto-and-cristiano-part-gian-and-giovani-convite-de-casamento-karaok-com-.html (@olimpiamais)
2026-03-04 17:47:17,411 [INFO] ▶️  Abrindo: https://rumble.com/v76mlju-z-neto-and-cristiano-part-gian-and-giovani-convite-de-casamento-karaok-com-.html
2026-03-04 17:47:28,304 [INFO] ⏱  Assistindo os primeiros 10s para liberar os botões (duração total: 259s)...
2026-03-04 17:47:38,403 [INFO] ✅ Visualização inicial concluída.
2026-03-04 17:47:40,447 [INFO] 👍 Like dado via injeção JavaScript (Novo Layout)!
2026-03-04 17:47:41,859 [INFO] 👤 Canal possivelmente já seguido (ou botão não encontrado).
2026-03-04 17:47:58,143 [INFO] 💬 Comentário enviado via botão JS: "Continue assim, sempre bom conteúdo! 🙌 vn"
2026-03-04 17:47:58,143 [INFO] ⏳ Terminando de assistir o restante do vídeo (218s)...
2026-03-04 17:48:38,510 [INFO] ⏩ Player indicou fim do vídeo antecipadamente.
2026-03-04 17:48:38,511 [INFO] ✅ Vídeo finalizado por completo pela conta @olimpiamais!
2026-03-04 17:48:38,511 [INFO] 🚪 Tarefas concluídas para @olimpiamais. Encerrando navegador do perfil...
2026-03-04 17:48:40,536 [INFO] 🏁 Automação Multi-Conta Finalizada! Todos os vídeos vistos por todas as contas.
2026-03-05 20:29:13,196 [INFO] Feche todas as outras janelas do Chrome antes de rodar este script, se possível.
2026-03-05 20:29:13,199 [INFO] 
############################################################
2026-03-05 20:29:13,199 [INFO] 👥 INICIANDO SESSÃO - CONTA 1/5: @uaijoaquim
2026-03-05 20:29:13,199 [INFO] ############################################################
2026-03-05 20:29:13,201 [INFO] 🧹 Fechando processos abertos do Chrome para liberar portas...
2026-03-05 20:29:15,983 [INFO] 🌐 Iniciando o Chrome de Automação Isolado...
2026-03-05 20:29:16,051 [INFO] ⏳ Aguardando o Chrome iniciar a porta (10s)...
2026-03-05 20:29:26,054 [INFO] ====== WebDriver manager ======
2026-03-05 20:29:29,312 [INFO] Get LATEST chromedriver version for google-chrome
2026-03-05 20:29:30,907 [INFO] Get LATEST chromedriver version for google-chrome
2026-03-05 20:29:32,134 [INFO] Get LATEST chromedriver version for google-chrome
2026-03-05 20:29:34,955 [INFO] WebDriver version 145.0.7632.117 selected
2026-03-05 20:29:34,973 [INFO] Modern chrome version https://storage.googleapis.com/chrome-for-testing-public/145.0.7632.117/win32/chromedriver-win32.zip
2026-03-05 20:29:34,973 [INFO] About to download new driver from https://storage.googleapis.com/chrome-for-testing-public/145.0.7632.117/win32/chromedriver-win32.zip
2026-03-05 20:29:36,261 [INFO] Driver downloading response is 200
2026-03-05 20:29:43,301 [INFO] Get LATEST chromedriver version for google-chrome
2026-03-05 20:29:45,263 [INFO] Driver has been saved in cache [C:\Users\joaqu\.wdm\drivers\chromedriver\win64\145.0.7632.117]
2026-03-05 20:29:53,327 [INFO] 🔑 Verificando login para a conta: uaijoaquim ...
2026-03-05 20:31:02,100 [WARNING] ⚠️  Erro na automação de login (pode já estar logado ou layout mudou): Message: no such element: Unable to locate element: {"method":"css selector","selector":"input[name='username'], input[type='email'], input#login-username"}
  (Session info: chrome=145.0.7632.117); For documentation on this error, please visit: https://www.selenium.dev/documentation/webdriver/troubleshooting/errors#nosuchelementexception
Stacktrace:
Symbols not available. Dumping unresolved backtrace:
	0x5c7dd3
	0x5c7e14
	0x3d1db0
	0x41c20a
	0x41c4ab
	0x45de32
	0x43ea84
	0x45b621
	0x43e7d6
	0x410049
	0x410e04
	0x826924
	0x821bf7
	0x83f5a0
	0x5e0f58
	0x5e891d
	0x5d0648
	0x5d0812
	0x5ba21a
	0x75305d49
	0x7775d83b
	0x7775d7c1

2026-03-05 20:31:02,173 [INFO] 🎬 Processando 5 vídeos listados para a conta @uaijoaquim...
2026-03-05 20:31:02,174 [INFO] 
--------------------------------------------------
2026-03-05 20:31:02,174 [INFO] 📹 Vídeo 1/5: https://rumble.com/v76mlmw-gian-and-giovani-and-z-neto-and-cristiano-1000-coraes-ao-vivo-karaok-com-se.html (@uaijoaquim)
2026-03-05 20:31:02,175 [INFO] ▶️  Abrindo: https://rumble.com/v76mlmw-gian-and-giovani-and-z-neto-and-cristiano-1000-coraes-ao-vivo-karaok-com-se.html
2026-03-05 20:32:23,951 [WARNING] ⚠️  Duração do vídeo não encontrada (Live Stream ou erro). Assumindo 300s.
2026-03-05 20:32:23,953 [INFO] ⏱  Assistindo os primeiros 10s para liberar os botões (duração total: 300s)...
2026-03-05 20:32:33,986 [INFO] ✅ Visualização inicial concluída.
2026-03-05 20:32:36,045 [WARNING] ⚠️  Botão de like não encontrado (o Rumble mudou o layout severamente ou você não está logado).
2026-03-05 20:32:37,564 [INFO] 👤 Canal possivelmente já seguido (ou botão não encontrado).
2026-03-05 20:32:43,482 [WARNING] ⚠️  Campo de comentário não encontrado (você precisa estar logado).
2026-03-05 20:32:43,483 [INFO] ⏳ Terminando de assistir o restante do vídeo (198s)...
2026-03-05 20:35:14,610 [INFO] Feche todas as outras janelas do Chrome antes de rodar este script, se possível.
2026-03-05 20:35:14,610 [INFO] 
############################################################
2026-03-05 20:35:14,610 [INFO] 👥 INICIANDO SESSÃO - CONTA 1/5: @uaijoaquim
2026-03-05 20:35:14,610 [INFO] ############################################################
2026-03-05 20:35:14,613 [INFO] 🧹 Fechando processos abertos do Chrome para liberar portas...
2026-03-05 20:35:17,073 [INFO] 🌐 Iniciando o Chrome de Automação Isolado...
2026-03-05 20:35:17,089 [INFO] ⏳ Aguardando o Chrome iniciar a porta (10s)...
2026-03-05 20:35:27,095 [INFO] ====== WebDriver manager ======
2026-03-05 20:35:29,388 [INFO] Get LATEST chromedriver version for google-chrome
2026-03-05 20:35:30,790 [INFO] Get LATEST chromedriver version for google-chrome
2026-03-05 20:35:32,059 [INFO] Driver [C:\Users\joaqu\.wdm\drivers\chromedriver\win64\145.0.7632.117\chromedriver-win32/chromedriver.exe] found in cache
2026-03-05 20:35:32,659 [INFO] 🔑 Verificando login para a conta: uaijoaquim ...
2026-03-05 20:35:47,244 [WARNING] ⚠️  Erro na automação de login (pode já estar logado ou layout mudou): Message: no such element: Unable to locate element: {"method":"css selector","selector":"input[name='username'], input[type='email'], input#login-username"}
  (Session info: chrome=145.0.7632.117); For documentation on this error, please visit: https://www.selenium.dev/documentation/webdriver/troubleshooting/errors#nosuchelementexception
Stacktrace:
Symbols not available. Dumping unresolved backtrace:
	0x5c7dd3
	0x5c7e14
	0x3d1db0
	0x41c20a
	0x41c4ab
	0x45de32
	0x43ea84
	0x45b621
	0x43e7d6
	0x410049
	0x410e04
	0x826924
	0x821bf7
	0x83f5a0
	0x5e0f58
	0x5e891d
	0x5d0648
	0x5d0812
	0x5ba21a
	0x75305d49
	0x7775d83b
	0x7775d7c1

2026-03-05 20:35:47,245 [INFO] 🎬 Processando 5 vídeos listados para a conta @uaijoaquim...
2026-03-05 20:35:47,246 [INFO] 
--------------------------------------------------
2026-03-05 20:35:47,246 [INFO] 📹 Vídeo 1/5: https://rumble.com/v76mlmw-gian-and-giovani-and-z-neto-and-cristiano-1000-coraes-ao-vivo-karaok-com-se.html (@uaijoaquim)
2026-03-05 20:35:47,247 [INFO] ▶️  Abrindo: https://rumble.com/v76mlmw-gian-and-giovani-and-z-neto-and-cristiano-1000-coraes-ao-vivo-karaok-com-se.html
2026-03-05 20:35:59,038 [INFO] ⏱  Assistindo os primeiros 10s para liberar os botões (duração total: 218s)...
2026-03-05 20:36:06,331 [INFO] ✅ Vídeo finalizado por completo pela conta @uaijoaquim!
2026-03-05 20:36:06,331 [INFO] ⏸  Aguardando 4s até o próximo vídeo...
2026-03-05 20:36:09,120 [INFO] ✅ Visualização inicial concluída.
2026-03-05 20:36:10,674 [INFO] 
--------------------------------------------------
2026-03-05 20:36:10,675 [INFO] 📹 Vídeo 2/5: https://rumble.com/v76mlou-fred-and-gustavo-and-z-neto-and-cristiano-clube-dos-solteiros-karaok-com-se.html (@uaijoaquim)
2026-03-05 20:36:10,675 [INFO] ▶️  Abrindo: https://rumble.com/v76mlou-fred-and-gustavo-and-z-neto-and-cristiano-clube-dos-solteiros-karaok-com-se.html
2026-03-05 20:36:10,678 [ERROR] ❌ Erro no vídeo com @uaijoaquim: Message: invalid session id; For documentation on this error, please visit: https://www.selenium.dev/documentation/webdriver/troubleshooting/errors#invalidsessionidexception
Stacktrace:
Symbols not available. Dumping unresolved backtrace:
	0x5c7dd3
	0x5c7e14
	0x3d1bee
	0x40f2d5
	0x43e8f6
	0x43a491
	0x439ab2
	0x3a500e
	0x3a55ae
	0x3a5a8d
	0x826924
	0x821bf7
	0x83f5a0
	0x5e0f58
	0x5e891d
	0x3a4c69
	0x3a42b0
	0x98876f
	0x75305d49
	0x7775d83b
	0x7775d7c1

2026-03-05 20:36:10,681 [INFO] ⏸  Aguardando 6s até o próximo vídeo...
2026-03-05 20:36:11,077 [INFO] 👍 Like dado via injeção JavaScript (Novo Layout)!
2026-03-05 20:36:12,909 [INFO] 👤 Canal possivelmente já seguido (ou botão não encontrado).
2026-03-05 20:36:16,369 [INFO] 
--------------------------------------------------
2026-03-05 20:36:16,371 [INFO] 📹 Vídeo 3/5: https://rumble.com/v76mlti-bruno-csar-e-rodrigo-and-z-neto-and-cristiano-gaiola-fechada-karaok-com-seg.html (@uaijoaquim)
2026-03-05 20:36:16,371 [INFO] ▶️  Abrindo: https://rumble.com/v76mlti-bruno-csar-e-rodrigo-and-z-neto-and-cristiano-gaiola-fechada-karaok-com-seg.html
2026-03-05 20:36:16,375 [ERROR] ❌ Erro no vídeo com @uaijoaquim: Message: invalid session id; For documentation on this error, please visit: https://www.selenium.dev/documentation/webdriver/troubleshooting/errors#invalidsessionidexception
Stacktrace:
Symbols not available. Dumping unresolved backtrace:
	0x5c7dd3
	0x5c7e14
	0x3d1bee
	0x40f2d5
	0x43e8f6
	0x43a491
	0x439ab2
	0x3a500e
	0x3a55ae
	0x3a5a8d
	0x826924
	0x821bf7
	0x83f5a0
	0x5e0f58
	0x5e891d
	0x3a4c69
	0x3a42b0
	0x98876f
	0x75305d49
	0x7775d83b
	0x7775d7c1

2026-03-05 20:36:16,379 [INFO] ⏸  Aguardando 6s até o próximo vídeo...
2026-03-05 20:36:22,641 [INFO] 
--------------------------------------------------
2026-03-05 20:36:22,641 [INFO] 📹 Vídeo 4/5: https://rumble.com/v76owmq-karaok-a-loira-do-carro-branco.html (@uaijoaquim)
2026-03-05 20:36:22,643 [INFO] ▶️  Abrindo: https://rumble.com/v76owmq-karaok-a-loira-do-carro-branco.html
2026-03-05 20:36:22,645 [ERROR] ❌ Erro no vídeo com @uaijoaquim: Message: invalid session id; For documentation on this error, please visit: https://www.selenium.dev/documentation/webdriver/troubleshooting/errors#invalidsessionidexception
Stacktrace:
Symbols not available. Dumping unresolved backtrace:
	0x5c7dd3
	0x5c7e14
	0x3d1bee
	0x40f2d5
	0x43e8f6
	0x43a491
	0x439ab2
	0x3a500e
	0x3a55ae
	0x3a5a8d
	0x826924
	0x821bf7
	0x83f5a0
	0x5e0f58
	0x5e891d
	0x3a4c69
	0x3a42b0
	0x98876f
	0x75305d49
	0x7775d83b
	0x7775d7c1

2026-03-05 20:36:22,649 [INFO] ⏸  Aguardando 4s até o próximo vídeo...
2026-03-05 20:36:26,267 [INFO] 
--------------------------------------------------
2026-03-05 20:36:26,268 [INFO] 📹 Vídeo 5/5: https://rumble.com/v76oxqq-karaok-boate-azul.html (@uaijoaquim)
2026-03-05 20:36:26,275 [INFO] ▶️  Abrindo: https://rumble.com/v76oxqq-karaok-boate-azul.html
2026-03-05 20:36:26,286 [ERROR] ❌ Erro no vídeo com @uaijoaquim: Message: invalid session id; For documentation on this error, please visit: https://www.selenium.dev/documentation/webdriver/troubleshooting/errors#invalidsessionidexception
Stacktrace:
Symbols not available. Dumping unresolved backtrace:
	0x5c7dd3
	0x5c7e14
	0x3d1bee
	0x40f2d5
	0x43e8f6
	0x43a491
	0x439ab2
	0x3a500e
	0x3a55ae
	0x3a5a8d
	0x826924
	0x821bf7
	0x83f5a0
	0x5e0f58
	0x5e891d
	0x3a4c69
	0x3a42b0
	0x98876f
	0x75305d49
	0x7775d83b
	0x7775d7c1

2026-03-05 20:36:26,287 [INFO] 🚪 Tarefas concluídas para @uaijoaquim. Encerrando navegador do perfil...
2026-03-05 20:36:28,335 [INFO] ⏸ Aguardando 10s antes de trocar de conta...

2026-03-05 20:36:30,510 [INFO] 💬 Comentário enviado via botão JS: "Sensacional! Continua com esse conteúdo. 🎉 o"
2026-03-05 20:36:30,510 [INFO] ⏳ Terminando de assistir o restante do vídeo (174s)...
2026-03-05 20:36:38,337 [INFO] 
############################################################
2026-03-05 20:36:38,337 [INFO] 👥 INICIANDO SESSÃO - CONTA 2/5: @joaquimcruz
2026-03-05 20:36:38,337 [INFO] ############################################################
2026-03-05 20:36:38,337 [INFO] 🧹 Fechando processos abertos do Chrome para liberar portas...
2026-03-05 20:36:40,990 [INFO] 🌐 Iniciando o Chrome de Automação Isolado...
2026-03-05 20:36:41,013 [INFO] ⏳ Aguardando o Chrome iniciar a porta (10s)...
2026-03-05 20:36:51,018 [INFO] ====== WebDriver manager ======
2026-03-05 20:36:53,229 [INFO] Get LATEST chromedriver version for google-chrome
2026-03-05 20:36:54,468 [INFO] Get LATEST chromedriver version for google-chrome
2026-03-05 20:36:59,521 [INFO] Driver [C:\Users\joaqu\.wdm\drivers\chromedriver\win64\145.0.7632.117\chromedriver-win32/chromedriver.exe] found in cache
2026-03-05 20:37:00,755 [INFO] 🔑 Verificando login para a conta: joaquimcruz ...
2026-03-05 20:37:13,001 [INFO] ✅ Cloudflare superado.
2026-03-05 20:37:18,097 [WARNING] ⚠️  Erro na automação de login (pode já estar logado ou layout mudou): Message: no such element: Unable to locate element: {"method":"css selector","selector":"input[name='username'], input[type='email'], input#login-username"}
  (Session info: chrome=145.0.7632.117); For documentation on this error, please visit: https://www.selenium.dev/documentation/webdriver/troubleshooting/errors#nosuchelementexception
Stacktrace:
Symbols not available. Dumping unresolved backtrace:
	0x5c7dd3
	0x5c7e14
	0x3d1db0
	0x41c20a
	0x41c4ab
	0x45de32
	0x43ea84
	0x45b621
	0x43e7d6
	0x410049
	0x410e04
	0x826924
	0x821bf7
	0x83f5a0
	0x5e0f58
	0x5e891d
	0x5d0648
	0x5d0812
	0x5ba21a
	0x75305d49
	0x7775d83b
	0x7775d7c1

2026-03-05 20:37:18,099 [INFO] 🎬 Processando 5 vídeos listados para a conta @joaquimcruz...
2026-03-05 20:37:18,100 [INFO] 
--------------------------------------------------
2026-03-05 20:37:18,101 [INFO] 📹 Vídeo 1/5: https://rumble.com/v76mlmw-gian-and-giovani-and-z-neto-and-cristiano-1000-coraes-ao-vivo-karaok-com-se.html (@joaquimcruz)
2026-03-05 20:37:18,102 [INFO] ▶️  Abrindo: https://rumble.com/v76mlmw-gian-and-giovani-and-z-neto-and-cristiano-1000-coraes-ao-vivo-karaok-com-se.html
2026-03-05 20:37:31,858 [INFO] ⏱  Assistindo os primeiros 10s para liberar os botões (duração total: 218s)...
2026-03-05 20:37:41,992 [INFO] ✅ Visualização inicial concluída.
2026-03-05 20:37:43,547 [INFO] 👍 Like dado via injeção JavaScript (Novo Layout)!
2026-03-05 20:37:44,878 [INFO] 👤 Canal possivelmente já seguido (ou botão não encontrado).
2026-03-05 20:38:02,445 [INFO] 💬 Comentário enviado via botão JS: "Excelente vídeo, produção de qualidade. 👍 cq"
2026-03-05 20:38:02,449 [INFO] ⏳ Terminando de assistir o restante do vídeo (173s)...
2026-03-05 20:39:26,099 [INFO] ✅ Vídeo finalizado por completo pela conta @uaijoaquim!
2026-03-05 20:39:26,099 [INFO] ⏸  Aguardando 7s até o próximo vídeo...
2026-03-05 20:39:33,452 [INFO] 
--------------------------------------------------
2026-03-05 20:39:33,452 [INFO] 📹 Vídeo 2/5: https://rumble.com/v76mlou-fred-and-gustavo-and-z-neto-and-cristiano-clube-dos-solteiros-karaok-com-se.html (@uaijoaquim)
2026-03-05 20:39:33,452 [INFO] ▶️  Abrindo: https://rumble.com/v76mlou-fred-and-gustavo-and-z-neto-and-cristiano-clube-dos-solteiros-karaok-com-se.html
2026-03-05 20:39:33,455 [ERROR] ❌ Erro no vídeo com @uaijoaquim: Message: invalid session id; For documentation on this error, please visit: https://www.selenium.dev/documentation/webdriver/troubleshooting/errors#invalidsessionidexception
Stacktrace:
Symbols not available. Dumping unresolved backtrace:
	0x5c7dd3
	0x5c7e14
	0x3d1bee
	0x40f2d5
	0x43e8f6
	0x43a491
	0x439ab2
	0x3a500e
	0x3a55ae
	0x3a5a8d
	0x826924
	0x821bf7
	0x83f5a0
	0x5e0f58
	0x5e891d
	0x3a4c69
	0x3a42b0
	0x98876f
	0x75305d49
	0x7775d83b
	0x7775d7c1

2026-03-05 20:39:33,455 [INFO] ⏸  Aguardando 4s até o próximo vídeo...
2026-03-05 20:39:37,409 [INFO] 
--------------------------------------------------
2026-03-05 20:39:37,410 [INFO] 📹 Vídeo 3/5: https://rumble.com/v76mlti-bruno-csar-e-rodrigo-and-z-neto-and-cristiano-gaiola-fechada-karaok-com-seg.html (@uaijoaquim)
2026-03-05 20:39:37,411 [INFO] ▶️  Abrindo: https://rumble.com/v76mlti-bruno-csar-e-rodrigo-and-z-neto-and-cristiano-gaiola-fechada-karaok-com-seg.html
2026-03-05 20:39:37,414 [ERROR] ❌ Erro no vídeo com @uaijoaquim: Message: invalid session id; For documentation on this error, please visit: https://www.selenium.dev/documentation/webdriver/troubleshooting/errors#invalidsessionidexception
Stacktrace:
Symbols not available. Dumping unresolved backtrace:
	0x5c7dd3
	0x5c7e14
	0x3d1bee
	0x40f2d5
	0x43e8f6
	0x43a491
	0x439ab2
	0x3a500e
	0x3a55ae
	0x3a5a8d
	0x826924
	0x821bf7
	0x83f5a0
	0x5e0f58
	0x5e891d
	0x3a4c69
	0x3a42b0
	0x98876f
	0x75305d49
	0x7775d83b
	0x7775d7c1

2026-03-05 20:39:37,416 [INFO] ⏸  Aguardando 3s até o próximo vídeo...
2026-03-05 20:39:40,807 [INFO] 
--------------------------------------------------
2026-03-05 20:39:40,809 [INFO] 📹 Vídeo 4/5: https://rumble.com/v76owmq-karaok-a-loira-do-carro-branco.html (@uaijoaquim)
2026-03-05 20:39:40,811 [INFO] ▶️  Abrindo: https://rumble.com/v76owmq-karaok-a-loira-do-carro-branco.html
2026-03-05 20:39:40,815 [ERROR] ❌ Erro no vídeo com @uaijoaquim: Message: invalid session id; For documentation on this error, please visit: https://www.selenium.dev/documentation/webdriver/troubleshooting/errors#invalidsessionidexception
Stacktrace:
Symbols not available. Dumping unresolved backtrace:
	0x5c7dd3
	0x5c7e14
	0x3d1bee
	0x40f2d5
	0x43e8f6
	0x43a491
	0x439ab2
	0x3a500e
	0x3a55ae
	0x3a5a8d
	0x826924
	0x821bf7
	0x83f5a0
	0x5e0f58
	0x5e891d
	0x3a4c69
	0x3a42b0
	0x98876f
	0x75305d49
	0x7775d83b
	0x7775d7c1

2026-03-05 20:39:40,815 [INFO] ⏸  Aguardando 5s até o próximo vídeo...
2026-03-05 20:39:45,467 [INFO] 
--------------------------------------------------
2026-03-05 20:39:45,467 [INFO] 📹 Vídeo 5/5: https://rumble.com/v76oxqq-karaok-boate-azul.html (@uaijoaquim)
2026-03-05 20:39:45,468 [INFO] ▶️  Abrindo: https://rumble.com/v76oxqq-karaok-boate-azul.html
2026-03-05 20:39:45,471 [ERROR] ❌ Erro no vídeo com @uaijoaquim: Message: invalid session id; For documentation on this error, please visit: https://www.selenium.dev/documentation/webdriver/troubleshooting/errors#invalidsessionidexception
Stacktrace:
Symbols not available. Dumping unresolved backtrace:
	0x5c7dd3
	0x5c7e14
	0x3d1bee
	0x40f2d5
	0x43e8f6
	0x43a491
	0x439ab2
	0x3a500e
	0x3a55ae
	0x3a5a8d
	0x826924
	0x821bf7
	0x83f5a0
	0x5e0f58
	0x5e891d
	0x3a4c69
	0x3a42b0
	0x98876f
	0x75305d49
	0x7775d83b
	0x7775d7c1

2026-03-05 20:39:45,472 [INFO] 🚪 Tarefas concluídas para @uaijoaquim. Encerrando navegador do perfil...
2026-03-05 20:39:47,510 [INFO] ⏸ Aguardando 10s antes de trocar de conta...

2026-03-05 20:39:57,512 [INFO] 
############################################################
2026-03-05 20:39:57,513 [INFO] 👥 INICIANDO SESSÃO - CONTA 2/5: @joaquimcruz
2026-03-05 20:39:57,513 [INFO] ############################################################
2026-03-05 20:39:57,513 [INFO] 🧹 Fechando processos abertos do Chrome para liberar portas...
2026-03-05 20:39:59,993 [INFO] 🌐 Iniciando o Chrome de Automação Isolado...
2026-03-05 20:40:00,001 [INFO] ⏳ Aguardando o Chrome iniciar a porta (10s)...
2026-03-05 20:40:10,004 [INFO] ====== WebDriver manager ======
2026-03-05 20:40:12,179 [INFO] Get LATEST chromedriver version for google-chrome
2026-03-05 20:40:13,392 [INFO] Get LATEST chromedriver version for google-chrome
2026-03-05 20:40:14,518 [INFO] Driver [C:\Users\joaqu\.wdm\drivers\chromedriver\win64\145.0.7632.117\chromedriver-win32/chromedriver.exe] found in cache
2026-03-05 20:40:15,114 [INFO] 🔑 Verificando login para a conta: joaquimcruz ...
2026-03-05 20:40:25,146 [WARNING] ⚠️  Erro na automação de login (pode já estar logado ou layout mudou): Message: no such element: Unable to locate element: {"method":"css selector","selector":"input[name='username'], input[type='email'], input#login-username"}
  (Session info: chrome=145.0.7632.117); For documentation on this error, please visit: https://www.selenium.dev/documentation/webdriver/troubleshooting/errors#nosuchelementexception
Stacktrace:
Symbols not available. Dumping unresolved backtrace:
	0x5c7dd3
	0x5c7e14
	0x3d1db0
	0x41c20a
	0x41c4ab
	0x45de32
	0x43ea84
	0x45b621
	0x43e7d6
	0x410049
	0x410e04
	0x826924
	0x821bf7
	0x83f5a0
	0x5e0f58
	0x5e891d
	0x5d0648
	0x5d0812
	0x5ba21a
	0x75305d49
	0x7775d83b
	0x7775d7c1

2026-03-05 20:40:25,146 [INFO] 🎬 Processando 5 vídeos listados para a conta @joaquimcruz...
2026-03-05 20:40:25,146 [INFO] 
--------------------------------------------------
2026-03-05 20:40:25,149 [INFO] 📹 Vídeo 1/5: https://rumble.com/v76mlmw-gian-and-giovani-and-z-neto-and-cristiano-1000-coraes-ao-vivo-karaok-com-se.html (@joaquimcruz)
2026-03-05 20:40:25,149 [INFO] ▶️  Abrindo: https://rumble.com/v76mlmw-gian-and-giovani-and-z-neto-and-cristiano-1000-coraes-ao-vivo-karaok-com-se.html
2026-03-05 20:40:36,925 [INFO] ⏱  Assistindo os primeiros 10s para liberar os botões (duração total: 218s)...
2026-03-05 20:40:46,988 [INFO] ✅ Visualização inicial concluída.
2026-03-05 20:40:49,014 [INFO] 👍 Like dado via injeção JavaScript (Novo Layout)!
2026-03-05 20:40:50,468 [INFO] 👤 Canal possivelmente já seguido (ou botão não encontrado).
2026-03-05 20:40:58,401 [INFO] ✅ Vídeo finalizado por completo pela conta @joaquimcruz!
2026-03-05 20:40:58,405 [INFO] ⏸  Aguardando 5s até o próximo vídeo...
2026-03-05 20:41:03,411 [INFO] 
--------------------------------------------------
2026-03-05 20:41:03,411 [INFO] 📹 Vídeo 2/5: https://rumble.com/v76mlou-fred-and-gustavo-and-z-neto-and-cristiano-clube-dos-solteiros-karaok-com-se.html (@joaquimcruz)
2026-03-05 20:41:03,412 [INFO] ▶️  Abrindo: https://rumble.com/v76mlou-fred-and-gustavo-and-z-neto-and-cristiano-clube-dos-solteiros-karaok-com-se.html
2026-03-05 20:41:03,415 [ERROR] ❌ Erro no vídeo com @joaquimcruz: Message: invalid session id; For documentation on this error, please visit: https://www.selenium.dev/documentation/webdriver/troubleshooting/errors#invalidsessionidexception
Stacktrace:
Symbols not available. Dumping unresolved backtrace:
	0x5c7dd3
	0x5c7e14
	0x3d1bee
	0x40f2d5
	0x43e8f6
	0x43a491
	0x439ab2
	0x3a500e
	0x3a55ae
	0x3a5a8d
	0x826924
	0x821bf7
	0x83f5a0
	0x5e0f58
	0x5e891d
	0x3a4c69
	0x3a42b0
	0x98876f
	0x75305d49
	0x7775d83b
	0x7775d7c1

2026-03-05 20:41:03,415 [INFO] ⏸  Aguardando 8s até o próximo vídeo...
2026-03-05 20:41:06,168 [INFO] 💬 Comentário enviado via botão JS: "Adorei o conteúdo, muito esclarecedor! iy"
2026-03-05 20:41:06,170 [INFO] ⏳ Terminando de assistir o restante do vídeo (176s)...
2026-03-05 20:41:11,350 [INFO] 
--------------------------------------------------
2026-03-05 20:41:11,354 [INFO] 📹 Vídeo 3/5: https://rumble.com/v76mlti-bruno-csar-e-rodrigo-and-z-neto-and-cristiano-gaiola-fechada-karaok-com-seg.html (@joaquimcruz)
2026-03-05 20:41:11,354 [INFO] ▶️  Abrindo: https://rumble.com/v76mlti-bruno-csar-e-rodrigo-and-z-neto-and-cristiano-gaiola-fechada-karaok-com-seg.html
2026-03-05 20:41:11,357 [ERROR] ❌ Erro no vídeo com @joaquimcruz: Message: invalid session id; For documentation on this error, please visit: https://www.selenium.dev/documentation/webdriver/troubleshooting/errors#invalidsessionidexception
Stacktrace:
Symbols not available. Dumping unresolved backtrace:
	0x5c7dd3
	0x5c7e14
	0x3d1bee
	0x40f2d5
	0x43e8f6
	0x43a491
	0x439ab2
	0x3a500e
	0x3a55ae
	0x3a5a8d
	0x826924
	0x821bf7
	0x83f5a0
	0x5e0f58
	0x5e891d
	0x3a4c69
	0x3a42b0
	0x98876f
	0x75305d49
	0x7775d83b
	0x7775d7c1

2026-03-05 20:41:11,360 [INFO] ⏸  Aguardando 4s até o próximo vídeo...
2026-03-05 20:41:15,105 [INFO] 
--------------------------------------------------
2026-03-05 20:41:15,105 [INFO] 📹 Vídeo 4/5: https://rumble.com/v76owmq-karaok-a-loira-do-carro-branco.html (@joaquimcruz)
2026-03-05 20:41:15,105 [INFO] ▶️  Abrindo: https://rumble.com/v76owmq-karaok-a-loira-do-carro-branco.html
2026-03-05 20:41:15,108 [ERROR] ❌ Erro no vídeo com @joaquimcruz: Message: invalid session id; For documentation on this error, please visit: https://www.selenium.dev/documentation/webdriver/troubleshooting/errors#invalidsessionidexception
Stacktrace:
Symbols not available. Dumping unresolved backtrace:
	0x5c7dd3
	0x5c7e14
	0x3d1bee
	0x40f2d5
	0x43e8f6
	0x43a491
	0x439ab2
	0x3a500e
	0x3a55ae
	0x3a5a8d
	0x826924
	0x821bf7
	0x83f5a0
	0x5e0f58
	0x5e891d
	0x3a4c69
	0x3a42b0
	0x98876f
	0x75305d49
	0x7775d83b
	0x7775d7c1

2026-03-05 20:41:15,108 [INFO] ⏸  Aguardando 5s até o próximo vídeo...
2026-03-05 20:41:20,085 [INFO] 
--------------------------------------------------
2026-03-05 20:41:20,086 [INFO] 📹 Vídeo 5/5: https://rumble.com/v76oxqq-karaok-boate-azul.html (@joaquimcruz)
2026-03-05 20:41:20,086 [INFO] ▶️  Abrindo: https://rumble.com/v76oxqq-karaok-boate-azul.html
2026-03-05 20:41:20,094 [ERROR] ❌ Erro no vídeo com @joaquimcruz: Message: invalid session id; For documentation on this error, please visit: https://www.selenium.dev/documentation/webdriver/troubleshooting/errors#invalidsessionidexception
Stacktrace:
Symbols not available. Dumping unresolved backtrace:
	0x5c7dd3
	0x5c7e14
	0x3d1bee
	0x40f2d5
	0x43e8f6
	0x43a491
	0x439ab2
	0x3a500e
	0x3a55ae
	0x3a5a8d
	0x826924
	0x821bf7
	0x83f5a0
	0x5e0f58
	0x5e891d
	0x3a4c69
	0x3a42b0
	0x98876f
	0x75305d49
	0x7775d83b
	0x7775d7c1

2026-03-05 20:41:20,095 [INFO] 🚪 Tarefas concluídas para @joaquimcruz. Encerrando navegador do perfil...
2026-03-05 20:41:22,127 [INFO] ⏸ Aguardando 10s antes de trocar de conta...

2026-03-05 20:41:32,129 [INFO] 
############################################################
2026-03-05 20:41:32,129 [INFO] 👥 INICIANDO SESSÃO - CONTA 3/5: @naturalisofc
2026-03-05 20:41:32,129 [INFO] ############################################################
2026-03-05 20:41:32,129 [INFO] 🧹 Fechando processos abertos do Chrome para liberar portas...
2026-03-05 20:41:35,579 [INFO] 🌐 Iniciando o Chrome de Automação Isolado...
2026-03-05 20:41:36,284 [INFO] ⏳ Aguardando o Chrome iniciar a porta (10s)...
2026-03-05 20:41:46,777 [INFO] ====== WebDriver manager ======
2026-03-05 20:41:50,724 [INFO] Get LATEST chromedriver version for google-chrome
2026-03-05 20:41:52,255 [INFO] Get LATEST chromedriver version for google-chrome
2026-03-05 20:41:53,929 [INFO] Driver [C:\Users\joaqu\.wdm\drivers\chromedriver\win64\145.0.7632.117\chromedriver-win32/chromedriver.exe] found in cache
2026-03-05 20:41:54,553 [INFO] 🔑 Verificando login para a conta: naturalisofc ...
2026-03-05 20:43:35,699 [INFO] Feche todas as outras janelas do Chrome antes de rodar este script, se possível.
2026-03-05 20:43:35,699 [INFO] 
############################################################
2026-03-05 20:43:35,699 [INFO] 👥 INICIANDO SESSÃO - CONTA 1/5: @uaijoaquim
2026-03-05 20:43:35,699 [INFO] ############################################################
2026-03-05 20:43:35,699 [INFO] 🧹 Fechando processos abertos do Chrome para liberar portas...
2026-03-05 20:43:37,889 [INFO] 🌐 Iniciando o Chrome de Automação Isolado...
2026-03-05 20:43:37,901 [INFO] ⏳ Aguardando o Chrome iniciar a porta (10s)...
2026-03-05 20:43:47,903 [INFO] ====== WebDriver manager ======
2026-03-05 20:43:50,314 [INFO] Get LATEST chromedriver version for google-chrome
2026-03-05 20:43:51,557 [INFO] Get LATEST chromedriver version for google-chrome
2026-03-05 20:43:52,751 [INFO] Driver [C:\Users\joaqu\.wdm\drivers\chromedriver\win64\145.0.7632.117\chromedriver-win32/chromedriver.exe] found in cache
2026-03-05 20:43:53,334 [INFO] 🔑 Verificando login para a conta: uaijoaquim ...
2026-03-05 20:44:03,280 [WARNING] ⚠️  Erro na automação de login (pode já estar logado ou layout mudou): Message: no such element: Unable to locate element: {"method":"css selector","selector":"input[name='username'], input[type='email'], input#login-username"}
  (Session info: chrome=145.0.7632.117); For documentation on this error, please visit: https://www.selenium.dev/documentation/webdriver/troubleshooting/errors#nosuchelementexception
Stacktrace:
Symbols not available. Dumping unresolved backtrace:
	0x5c7dd3
	0x5c7e14
	0x3d1db0
	0x41c20a
	0x41c4ab
	0x45de32
	0x43ea84
	0x45b621
	0x43e7d6
	0x410049
	0x410e04
	0x826924
	0x821bf7
	0x83f5a0
	0x5e0f58
	0x5e891d
	0x5d0648
	0x5d0812
	0x5ba21a
	0x75305d49
	0x7775d83b
	0x7775d7c1

2026-03-05 20:44:03,281 [INFO] 🎬 Processando 4 vídeos listados para a conta @uaijoaquim...
2026-03-05 20:44:03,281 [INFO] 
--------------------------------------------------
2026-03-05 20:44:03,282 [INFO] 📹 Vídeo 1/4: https://rumble.com/v76mlou-fred-and-gustavo-and-z-neto-and-cristiano-clube-dos-solteiros-karaok-com-se.html (@uaijoaquim)
2026-03-05 20:44:03,282 [INFO] ▶️  Abrindo: https://rumble.com/v76mlou-fred-and-gustavo-and-z-neto-and-cristiano-clube-dos-solteiros-karaok-com-se.html
2026-03-05 20:44:16,570 [INFO] ⏱  Assistindo os primeiros 10s para liberar os botões (duração total: 185s)...
2026-03-05 20:44:26,624 [INFO] ✅ Visualização inicial concluída.
2026-03-05 20:44:27,938 [INFO] 👍 Like dado via injeção JavaScript (Novo Layout)!
2026-03-05 20:44:29,682 [INFO] 👤 Canal possivelmente já seguido (ou botão não encontrado).
2026-03-05 20:44:47,264 [INFO] 💬 Comentário enviado via botão JS: "Muito relevante, parabéns pela dedicação! Abraço!"
2026-03-05 20:44:47,269 [INFO] ⏳ Terminando de assistir o restante do vídeo (141s)...
2026-03-05 20:47:08,597 [INFO] ✅ Vídeo finalizado por completo pela conta @uaijoaquim!
2026-03-05 20:47:08,597 [INFO] ⏸  Aguardando 8s até o próximo vídeo...
2026-03-05 20:47:16,537 [INFO] 
--------------------------------------------------
2026-03-05 20:47:16,537 [INFO] 📹 Vídeo 2/4: https://rumble.com/v76mlti-bruno-csar-e-rodrigo-and-z-neto-and-cristiano-gaiola-fechada-karaok-com-seg.html (@uaijoaquim)
2026-03-05 20:47:16,537 [INFO] ▶️  Abrindo: https://rumble.com/v76mlti-bruno-csar-e-rodrigo-and-z-neto-and-cristiano-gaiola-fechada-karaok-com-seg.html
2026-03-05 20:47:28,656 [INFO] ⏱  Assistindo os primeiros 10s para liberar os botões (duração total: 136s)...
2026-03-05 20:47:38,785 [INFO] ✅ Visualização inicial concluída.
2026-03-05 20:47:40,355 [INFO] 👍 Like dado via injeção JavaScript (Novo Layout)!
2026-03-05 20:47:42,118 [INFO] 👤 Canal possivelmente já seguido (ou botão não encontrado).
2026-03-05 20:47:59,958 [INFO] 💬 Comentário enviado via botão JS: "Que conteúdo bacana! Valeu pela dica. Abraço! q"
2026-03-05 20:47:59,958 [INFO] ⏳ Terminando de assistir o restante do vídeo (92s)...
2026-03-05 20:49:35,545 [INFO] ✅ Vídeo finalizado por completo pela conta @uaijoaquim!
2026-03-05 20:49:35,547 [INFO] ⏸  Aguardando 4s até o próximo vídeo...
2026-03-05 20:49:39,416 [INFO] 
--------------------------------------------------
2026-03-05 20:49:39,417 [INFO] 📹 Vídeo 3/4: https://rumble.com/v76owmq-karaok-a-loira-do-carro-branco.html (@uaijoaquim)
2026-03-05 20:49:39,422 [INFO] ▶️  Abrindo: https://rumble.com/v76owmq-karaok-a-loira-do-carro-branco.html
2026-03-05 20:49:50,953 [INFO] ⏱  Assistindo os primeiros 10s para liberar os botões (duração total: 212s)...
2026-03-05 20:50:00,995 [INFO] ✅ Visualização inicial concluída.
2026-03-05 20:50:02,977 [INFO] 👍 Like dado via injeção JavaScript (Novo Layout)!
2026-03-05 20:50:04,613 [INFO] 👤 Canal possivelmente já seguido (ou botão não encontrado).
2026-03-05 20:50:22,199 [INFO] 💬 Comentário enviado via botão JS: "Sensacional! Continua com esse conteúdo.! e"
2026-03-05 20:50:22,199 [INFO] ⏳ Terminando de assistir o restante do vídeo (169s)...
2026-03-05 20:53:13,651 [INFO] ✅ Vídeo finalizado por completo pela conta @uaijoaquim!
2026-03-05 20:53:13,656 [INFO] ⏸  Aguardando 4s até o próximo vídeo...
2026-03-05 20:53:17,260 [INFO] 
--------------------------------------------------
2026-03-05 20:53:17,260 [INFO] 📹 Vídeo 4/4: https://rumble.com/v76oxqq-karaok-boate-azul.html (@uaijoaquim)
2026-03-05 20:53:17,260 [INFO] ▶️  Abrindo: https://rumble.com/v76oxqq-karaok-boate-azul.html
2026-03-05 20:53:28,095 [INFO] ⏱  Assistindo os primeiros 10s para liberar os botões (duração total: 142s)...
2026-03-05 20:53:38,193 [INFO] ✅ Visualização inicial concluída.
2026-03-05 20:53:39,703 [INFO] 👍 Like dado via injeção JavaScript (Novo Layout)!
2026-03-05 20:53:41,035 [INFO] 👤 Canal possivelmente já seguido (ou botão não encontrado).
2026-03-05 20:53:56,488 [INFO] 💬 Comentário enviado via botão JS: "Sensacional! Continua com esse conteúdo. 👍 wh"
2026-03-05 20:53:56,492 [INFO] ⏳ Terminando de assistir o restante do vídeo (102s)...
2026-03-05 20:55:42,215 [INFO] ✅ Vídeo finalizado por completo pela conta @uaijoaquim!
2026-03-05 20:55:42,215 [INFO] 🚪 Tarefas concluídas para @uaijoaquim. Encerrando navegador do perfil...
2026-03-05 20:55:44,271 [INFO] ⏸ Aguardando 10s antes de trocar de conta...

2026-03-05 20:55:54,275 [INFO] 
############################################################
2026-03-05 20:55:54,275 [INFO] 👥 INICIANDO SESSÃO - CONTA 2/5: @joaquimcruz
2026-03-05 20:55:54,275 [INFO] ############################################################
2026-03-05 20:55:54,275 [INFO] 🧹 Fechando processos abertos do Chrome para liberar portas...
2026-03-05 20:55:56,837 [INFO] 🌐 Iniciando o Chrome de Automação Isolado...
2026-03-05 20:55:56,868 [INFO] ⏳ Aguardando o Chrome iniciar a porta (10s)...
2026-03-05 20:56:06,869 [INFO] ====== WebDriver manager ======
2026-03-05 20:56:08,868 [INFO] Get LATEST chromedriver version for google-chrome
2026-03-05 20:56:10,061 [INFO] Get LATEST chromedriver version for google-chrome
2026-03-05 20:56:11,172 [INFO] Driver [C:\Users\joaqu\.wdm\drivers\chromedriver\win64\145.0.7632.117\chromedriver-win32/chromedriver.exe] found in cache
2026-03-05 20:56:11,785 [INFO] 🔑 Verificando login para a conta: joaquimcruz ...
2026-03-05 20:56:22,054 [WARNING] ⚠️  Erro na automação de login (pode já estar logado ou layout mudou): Message: no such element: Unable to locate element: {"method":"css selector","selector":"input[name='username'], input[type='email'], input#login-username"}
  (Session info: chrome=145.0.7632.117); For documentation on this error, please visit: https://www.selenium.dev/documentation/webdriver/troubleshooting/errors#nosuchelementexception
Stacktrace:
Symbols not available. Dumping unresolved backtrace:
	0x5c7dd3
	0x5c7e14
	0x3d1db0
	0x41c20a
	0x41c4ab
	0x45de32
	0x43ea84
	0x45b621
	0x43e7d6
	0x410049
	0x410e04
	0x826924
	0x821bf7
	0x83f5a0
	0x5e0f58
	0x5e891d
	0x5d0648
	0x5d0812
	0x5ba21a
	0x75305d49
	0x7775d83b
	0x7775d7c1

2026-03-05 20:56:22,055 [INFO] 🎬 Processando 4 vídeos listados para a conta @joaquimcruz...
2026-03-05 20:56:22,055 [INFO] 
--------------------------------------------------
2026-03-05 20:56:22,055 [INFO] 📹 Vídeo 1/4: https://rumble.com/v76mlou-fred-and-gustavo-and-z-neto-and-cristiano-clube-dos-solteiros-karaok-com-se.html (@joaquimcruz)
2026-03-05 20:56:22,056 [INFO] ▶️  Abrindo: https://rumble.com/v76mlou-fred-and-gustavo-and-z-neto-and-cristiano-clube-dos-solteiros-karaok-com-se.html
2026-03-05 20:56:34,761 [INFO] ⏱  Assistindo os primeiros 10s para liberar os botões (duração total: 185s)...
2026-03-05 20:56:44,801 [INFO] ✅ Visualização inicial concluída.
2026-03-05 20:56:46,019 [INFO] 👍 Like dado via injeção JavaScript (Novo Layout)!
2026-03-05 20:56:47,963 [INFO] 👤 Canal possivelmente já seguido (ou botão não encontrado).
2026-03-05 20:57:05,649 [INFO] 💬 Comentário enviado via botão JS: "Muito informativo, obrigado! 🔥 z"
2026-03-05 20:57:05,649 [INFO] ⏳ Terminando de assistir o restante do vídeo (141s)...
2026-03-05 20:59:32,088 [INFO] ✅ Vídeo finalizado por completo pela conta @joaquimcruz!
2026-03-05 20:59:32,089 [INFO] ⏸  Aguardando 8s até o próximo vídeo...
2026-03-05 20:59:39,849 [INFO] 
--------------------------------------------------
2026-03-05 20:59:39,849 [INFO] 📹 Vídeo 2/4: https://rumble.com/v76mlti-bruno-csar-e-rodrigo-and-z-neto-and-cristiano-gaiola-fechada-karaok-com-seg.html (@joaquimcruz)
2026-03-05 20:59:39,849 [INFO] ▶️  Abrindo: https://rumble.com/v76mlti-bruno-csar-e-rodrigo-and-z-neto-and-cristiano-gaiola-fechada-karaok-com-seg.html
2026-03-05 21:00:03,820 [INFO] ⏱  Assistindo os primeiros 10s para liberar os botões (duração total: 6661s)...
2026-03-05 21:00:13,883 [INFO] ✅ Visualização inicial concluída.
2026-03-05 21:00:14,960 [INFO] 👍 Like dado via injeção JavaScript (Novo Layout)!
2026-03-05 21:00:16,257 [INFO] 👤 Canal possivelmente já seguido (ou botão não encontrado).
2026-03-05 21:00:33,086 [INFO] 💬 Comentário enviado via botão JS: "Muito bom mesmo! Esperando o próximo. 👍"
2026-03-05 21:00:33,086 [INFO] ⏳ Terminando de assistir o restante do vídeo (6607s)...
2026-03-05 21:02:59,151 [INFO] ⏩ Player indicou fim do vídeo antecipadamente.
2026-03-05 21:02:59,151 [INFO] ✅ Vídeo finalizado por completo pela conta @joaquimcruz!
2026-03-05 21:02:59,151 [INFO] ⏸  Aguardando 4s até o próximo vídeo...
2026-03-05 21:03:03,452 [INFO] 
--------------------------------------------------
2026-03-05 21:03:03,452 [INFO] 📹 Vídeo 3/4: https://rumble.com/v76owmq-karaok-a-loira-do-carro-branco.html (@joaquimcruz)
2026-03-05 21:03:03,454 [INFO] ▶️  Abrindo: https://rumble.com/v76owmq-karaok-a-loira-do-carro-branco.html
2026-03-05 21:03:13,632 [INFO] ⏱  Assistindo os primeiros 10s para liberar os botões (duração total: 212s)...
2026-03-05 21:03:23,705 [INFO] ✅ Visualização inicial concluída.
2026-03-05 21:03:24,882 [INFO] 👍 Like dado via injeção JavaScript (Novo Layout)!
2026-03-05 21:03:26,811 [INFO] 👤 Canal possivelmente já seguido (ou botão não encontrado).
2026-03-05 21:03:46,751 [INFO] 💬 Comentário enviado via botão JS: "Simplesmente fantástico. Inscreve no canal de quem vê! 👏 🙌 x"
2026-03-05 21:03:46,755 [INFO] ⏳ Terminando de assistir o restante do vídeo (168s)...
2026-03-05 21:06:38,215 [INFO] ✅ Vídeo finalizado por completo pela conta @joaquimcruz!
2026-03-05 21:06:38,217 [INFO] ⏸  Aguardando 5s até o próximo vídeo...
2026-03-05 21:06:42,895 [INFO] 
--------------------------------------------------
2026-03-05 21:06:42,899 [INFO] 📹 Vídeo 4/4: https://rumble.com/v76oxqq-karaok-boate-azul.html (@joaquimcruz)
2026-03-05 21:06:42,901 [INFO] ▶️  Abrindo: https://rumble.com/v76oxqq-karaok-boate-azul.html
2026-03-05 21:06:53,539 [INFO] ⏱  Assistindo os primeiros 10s para liberar os botões (duração total: 142s)...
2026-03-05 21:07:03,605 [INFO] ✅ Visualização inicial concluída.
2026-03-05 21:07:05,548 [INFO] 👍 Like dado via injeção JavaScript (Novo Layout)!
2026-03-05 21:07:06,820 [INFO] 👤 Canal possivelmente já seguido (ou botão não encontrado).
2026-03-05 21:07:23,521 [INFO] 💬 Comentário enviado via botão JS: "Muito bom, sempre aprendo algo novo aqui. 🎉 kb"
2026-03-05 21:07:23,523 [INFO] ⏳ Terminando de assistir o restante do vídeo (101s)...
2026-03-05 21:09:09,554 [INFO] ✅ Vídeo finalizado por completo pela conta @joaquimcruz!
2026-03-05 21:09:09,554 [INFO] 🚪 Tarefas concluídas para @joaquimcruz. Encerrando navegador do perfil...
2026-03-05 21:09:11,596 [INFO] ⏸ Aguardando 10s antes de trocar de conta...

2026-03-05 21:09:21,599 [INFO] 
############################################################
2026-03-05 21:09:21,601 [INFO] 👥 INICIANDO SESSÃO - CONTA 3/5: @naturalisofc
2026-03-05 21:09:21,601 [INFO] ############################################################
2026-03-05 21:09:21,601 [INFO] 🧹 Fechando processos abertos do Chrome para liberar portas...
2026-03-05 21:09:23,970 [INFO] 🌐 Iniciando o Chrome de Automação Isolado...
2026-03-05 21:09:23,981 [INFO] ⏳ Aguardando o Chrome iniciar a porta (10s)...
2026-03-05 21:09:33,983 [INFO] ====== WebDriver manager ======
2026-03-05 21:09:36,026 [INFO] Get LATEST chromedriver version for google-chrome
2026-03-05 21:09:37,233 [INFO] Get LATEST chromedriver version for google-chrome
2026-03-05 21:09:38,393 [INFO] Driver [C:\Users\joaqu\.wdm\drivers\chromedriver\win64\145.0.7632.117\chromedriver-win32/chromedriver.exe] found in cache
2026-03-05 21:09:39,014 [INFO] 🔑 Verificando login para a conta: naturalisofc ...
2026-03-05 21:09:49,830 [WARNING] ⚠️  Erro na automação de login (pode já estar logado ou layout mudou): Message: no such element: Unable to locate element: {"method":"css selector","selector":"input[name='username'], input[type='email'], input#login-username"}
  (Session info: chrome=145.0.7632.117); For documentation on this error, please visit: https://www.selenium.dev/documentation/webdriver/troubleshooting/errors#nosuchelementexception
Stacktrace:
Symbols not available. Dumping unresolved backtrace:
	0x5c7dd3
	0x5c7e14
	0x3d1db0
	0x41c20a
	0x41c4ab
	0x45de32
	0x43ea84
	0x45b621
	0x43e7d6
	0x410049
	0x410e04
	0x826924
	0x821bf7
	0x83f5a0
	0x5e0f58
	0x5e891d
	0x5d0648
	0x5d0812
	0x5ba21a
	0x75305d49
	0x7775d83b
	0x7775d7c1

2026-03-05 21:09:49,831 [INFO] 🎬 Processando 4 vídeos listados para a conta @naturalisofc...
2026-03-05 21:09:49,831 [INFO] 
--------------------------------------------------
2026-03-05 21:09:49,832 [INFO] 📹 Vídeo 1/4: https://rumble.com/v76mlou-fred-and-gustavo-and-z-neto-and-cristiano-clube-dos-solteiros-karaok-com-se.html (@naturalisofc)
2026-03-05 21:09:49,835 [INFO] ▶️  Abrindo: https://rumble.com/v76mlou-fred-and-gustavo-and-z-neto-and-cristiano-clube-dos-solteiros-karaok-com-se.html
2026-03-05 21:10:02,627 [INFO] ⏱  Assistindo os primeiros 10s para liberar os botões (duração total: 185s)...
2026-03-05 21:10:12,670 [INFO] ✅ Visualização inicial concluída.
2026-03-05 21:10:14,054 [INFO] 👍 Like dado via injeção JavaScript (Novo Layout)!
2026-03-05 21:10:15,190 [INFO] 👤 Canal possivelmente já seguido (ou botão não encontrado).
2026-03-05 21:10:31,864 [INFO] 💬 Comentário enviado via botão JS: "Conteúdo de qualidade, gostei muito! Abraço!"
2026-03-05 21:10:31,864 [INFO] ⏳ Terminando de assistir o restante do vídeo (142s)...
2026-03-05 21:12:58,409 [INFO] ✅ Vídeo finalizado por completo pela conta @naturalisofc!
2026-03-05 21:12:58,411 [INFO] ⏸  Aguardando 4s até o próximo vídeo...
2026-03-05 21:13:02,346 [INFO] 
--------------------------------------------------
2026-03-05 21:13:02,347 [INFO] 📹 Vídeo 2/4: https://rumble.com/v76mlti-bruno-csar-e-rodrigo-and-z-neto-and-cristiano-gaiola-fechada-karaok-com-seg.html (@naturalisofc)
2026-03-05 21:13:02,349 [INFO] ▶️  Abrindo: https://rumble.com/v76mlti-bruno-csar-e-rodrigo-and-z-neto-and-cristiano-gaiola-fechada-karaok-com-seg.html
2026-03-05 21:13:13,757 [INFO] ⏱  Assistindo os primeiros 10s para liberar os botões (duração total: 136s)...
2026-03-05 21:13:23,791 [INFO] ✅ Visualização inicial concluída.
2026-03-05 21:13:25,643 [INFO] 👍 Like dado via injeção JavaScript (Novo Layout)!
2026-03-05 21:13:26,876 [INFO] 👤 Canal possivelmente já seguido (ou botão não encontrado).
2026-03-05 21:13:44,330 [INFO] 💬 Comentário enviado via botão JS: "Muito bom! Já compartilhei com meus amigos. 🔥"
2026-03-05 21:13:44,330 [INFO] ⏳ Terminando de assistir o restante do vídeo (94s)...
2026-03-05 21:15:20,317 [INFO] ✅ Vídeo finalizado por completo pela conta @naturalisofc!
2026-03-05 21:15:20,318 [INFO] ⏸  Aguardando 4s até o próximo vídeo...
2026-03-05 21:15:24,580 [INFO] 
--------------------------------------------------
2026-03-05 21:15:24,580 [INFO] 📹 Vídeo 3/4: https://rumble.com/v76owmq-karaok-a-loira-do-carro-branco.html (@naturalisofc)
2026-03-05 21:15:24,582 [INFO] ▶️  Abrindo: https://rumble.com/v76owmq-karaok-a-loira-do-carro-branco.html
2026-03-05 21:15:35,235 [INFO] ⏱  Assistindo os primeiros 10s para liberar os botões (duração total: 212s)...
2026-03-05 21:15:45,335 [INFO] ✅ Visualização inicial concluída.
2026-03-05 21:15:46,513 [INFO] 👍 Like dado via injeção JavaScript (Novo Layout)!
2026-03-05 21:15:47,601 [INFO] 👤 Canal possivelmente já seguido (ou botão não encontrado).
2026-03-05 21:16:04,064 [INFO] 💬 Comentário enviado via botão JS: "Muito bom! Já compartilhei com meus amigos. 👍 rt"
2026-03-05 21:16:04,068 [INFO] ⏳ Terminando de assistir o restante do vídeo (172s)...
2026-03-05 21:19:00,669 [INFO] ✅ Vídeo finalizado por completo pela conta @naturalisofc!
2026-03-05 21:19:00,672 [INFO] ⏸  Aguardando 4s até o próximo vídeo...
2026-03-05 21:19:04,588 [INFO] 
--------------------------------------------------
2026-03-05 21:19:04,589 [INFO] 📹 Vídeo 4/4: https://rumble.com/v76oxqq-karaok-boate-azul.html (@naturalisofc)
2026-03-05 21:19:04,590 [INFO] ▶️  Abrindo: https://rumble.com/v76oxqq-karaok-boate-azul.html
2026-03-05 21:19:15,325 [INFO] ⏱  Assistindo os primeiros 10s para liberar os botões (duração total: 142s)...
2026-03-05 21:19:25,377 [INFO] ✅ Visualização inicial concluída.
2026-03-05 21:19:26,418 [INFO] 👍 Like dado via injeção JavaScript (Novo Layout)!
2026-03-05 21:19:28,080 [INFO] 👤 Canal possivelmente já seguido (ou botão não encontrado).
2026-03-05 21:19:44,164 [INFO] 💬 Comentário enviado via botão JS: "Continue assim, sempre bom conteúdo! Abraço! u"
2026-03-05 21:19:44,168 [INFO] ⏳ Terminando de assistir o restante do vídeo (102s)...
2026-03-05 21:21:30,092 [INFO] ✅ Vídeo finalizado por completo pela conta @naturalisofc!
2026-03-05 21:21:30,092 [INFO] 🚪 Tarefas concluídas para @naturalisofc. Encerrando navegador do perfil...
2026-03-05 21:21:32,120 [INFO] ⏸ Aguardando 10s antes de trocar de conta...

2026-03-05 21:21:42,124 [INFO] 
############################################################
2026-03-05 21:21:42,124 [INFO] 👥 INICIANDO SESSÃO - CONTA 4/5: @realstories
2026-03-05 21:21:42,124 [INFO] ############################################################
2026-03-05 21:21:42,124 [INFO] 🧹 Fechando processos abertos do Chrome para liberar portas...
2026-03-05 21:21:44,468 [INFO] 🌐 Iniciando o Chrome de Automação Isolado...
2026-03-05 21:21:44,495 [INFO] ⏳ Aguardando o Chrome iniciar a porta (10s)...
2026-03-05 21:21:54,497 [INFO] ====== WebDriver manager ======
2026-03-05 21:21:56,467 [INFO] Get LATEST chromedriver version for google-chrome
2026-03-05 21:21:57,555 [INFO] Get LATEST chromedriver version for google-chrome
2026-03-05 21:21:58,666 [INFO] Driver [C:\Users\joaqu\.wdm\drivers\chromedriver\win64\145.0.7632.117\chromedriver-win32/chromedriver.exe] found in cache
2026-03-05 21:21:59,318 [INFO] 🔑 Verificando login para a conta: realstories ...
2026-03-05 21:22:12,474 [INFO] ✅ Cloudflare superado.
2026-03-05 21:22:17,531 [WARNING] ⚠️  Erro na automação de login (pode já estar logado ou layout mudou): Message: no such element: Unable to locate element: {"method":"css selector","selector":"input[name='username'], input[type='email'], input#login-username"}
  (Session info: chrome=145.0.7632.117); For documentation on this error, please visit: https://www.selenium.dev/documentation/webdriver/troubleshooting/errors#nosuchelementexception
Stacktrace:
Symbols not available. Dumping unresolved backtrace:
	0x5c7dd3
	0x5c7e14
	0x3d1db0
	0x41c20a
	0x41c4ab
	0x45de32
	0x43ea84
	0x45b621
	0x43e7d6
	0x410049
	0x410e04
	0x826924
	0x821bf7
	0x83f5a0
	0x5e0f58
	0x5e891d
	0x5d0648
	0x5d0812
	0x5ba21a
	0x75305d49
	0x7775d83b
	0x7775d7c1

2026-03-05 21:22:17,533 [INFO] 🎬 Processando 4 vídeos listados para a conta @realstories...
2026-03-05 21:22:17,533 [INFO] 
--------------------------------------------------
2026-03-05 21:22:17,535 [INFO] 📹 Vídeo 1/4: https://rumble.com/v76mlou-fred-and-gustavo-and-z-neto-and-cristiano-clube-dos-solteiros-karaok-com-se.html (@realstories)
2026-03-05 21:22:17,535 [INFO] ▶️  Abrindo: https://rumble.com/v76mlou-fred-and-gustavo-and-z-neto-and-cristiano-clube-dos-solteiros-karaok-com-se.html
2026-03-05 21:22:29,533 [INFO] ⏱  Assistindo os primeiros 10s para liberar os botões (duração total: 185s)...
2026-03-05 21:22:39,605 [INFO] ✅ Visualização inicial concluída.
2026-03-05 21:22:41,076 [INFO] 👍 Like dado via injeção JavaScript (Novo Layout)!
2026-03-05 21:22:42,564 [INFO] 👤 Canal possivelmente já seguido (ou botão não encontrado).
2026-03-05 21:22:58,873 [INFO] 💬 Comentário enviado via botão JS: "Conteúdo de qualidade, gostei muito! 🙌 t"
2026-03-05 21:22:58,874 [INFO] ⏳ Terminando de assistir o restante do vídeo (143s)...
2026-03-05 21:25:25,464 [INFO] ✅ Vídeo finalizado por completo pela conta @realstories!
2026-03-05 21:25:25,466 [INFO] ⏸  Aguardando 4s até o próximo vídeo...
2026-03-05 21:25:29,461 [INFO] 
--------------------------------------------------
2026-03-05 21:25:29,462 [INFO] 📹 Vídeo 2/4: https://rumble.com/v76mlti-bruno-csar-e-rodrigo-and-z-neto-and-cristiano-gaiola-fechada-karaok-com-seg.html (@realstories)
2026-03-05 21:25:29,464 [INFO] ▶️  Abrindo: https://rumble.com/v76mlti-bruno-csar-e-rodrigo-and-z-neto-and-cristiano-gaiola-fechada-karaok-com-seg.html
2026-03-05 21:25:41,172 [INFO] ⏱  Assistindo os primeiros 10s para liberar os botões (duração total: 136s)...
2026-03-05 21:25:51,216 [INFO] ✅ Visualização inicial concluída.
2026-03-05 21:25:52,380 [INFO] 👍 Like dado via injeção JavaScript (Novo Layout)!
2026-03-05 21:25:53,891 [INFO] 👤 Canal possivelmente já seguido (ou botão não encontrado).
2026-03-05 21:26:11,524 [INFO] 💬 Comentário enviado via botão JS: "Conteúdo de qualidade, gostei muito! Valeu! ic"
2026-03-05 21:26:11,526 [INFO] ⏳ Terminando de assistir o restante do vídeo (93s)...
2026-03-05 21:27:47,571 [INFO] ✅ Vídeo finalizado por completo pela conta @realstories!
2026-03-05 21:27:47,572 [INFO] ⏸  Aguardando 6s até o próximo vídeo...
2026-03-05 21:27:53,577 [INFO] 
--------------------------------------------------
2026-03-05 21:27:53,577 [INFO] 📹 Vídeo 3/4: https://rumble.com/v76owmq-karaok-a-loira-do-carro-branco.html (@realstories)
2026-03-05 21:27:53,577 [INFO] ▶️  Abrindo: https://rumble.com/v76owmq-karaok-a-loira-do-carro-branco.html
2026-03-05 21:28:04,257 [INFO] ⏱  Assistindo os primeiros 10s para liberar os botões (duração total: 212s)...
2026-03-05 21:28:14,288 [INFO] ✅ Visualização inicial concluída.
2026-03-05 21:28:16,159 [INFO] 👍 Like dado via injeção JavaScript (Novo Layout)!
2026-03-05 21:28:17,435 [INFO] 👤 Canal possivelmente já seguido (ou botão não encontrado).
2026-03-05 21:28:33,671 [INFO] 💬 Comentário enviado via botão JS: "Continue assim, sempre bom conteúdo! Abraço!"
2026-03-05 21:28:33,676 [INFO] ⏳ Terminando de assistir o restante do vídeo (171s)...
2026-03-05 21:30:04,545 [INFO] ⏩ Player indicou fim do vídeo antecipadamente.
2026-03-05 21:30:04,545 [INFO] ✅ Vídeo finalizado por completo pela conta @realstories!
2026-03-05 21:30:04,545 [INFO] ⏸  Aguardando 8s até o próximo vídeo...
2026-03-05 21:30:12,077 [INFO] 
--------------------------------------------------
2026-03-05 21:30:12,077 [INFO] 📹 Vídeo 4/4: https://rumble.com/v76oxqq-karaok-boate-azul.html (@realstories)
2026-03-05 21:30:12,079 [INFO] ▶️  Abrindo: https://rumble.com/v76oxqq-karaok-boate-azul.html
2026-03-05 21:30:22,545 [INFO] ⏱  Assistindo os primeiros 10s para liberar os botões (duração total: 142s)...
2026-03-05 21:30:32,598 [INFO] ✅ Visualização inicial concluída.
2026-03-05 21:30:34,035 [INFO] 👍 Like dado via injeção JavaScript (Novo Layout)!
2026-03-05 21:30:35,602 [INFO] 👤 Canal possivelmente já seguido (ou botão não encontrado).
2026-03-05 21:30:52,787 [INFO] 💬 Comentário enviado via botão JS: "Muito bom! Já compartilhei com meus amigos. r"
2026-03-05 21:30:52,787 [INFO] ⏳ Terminando de assistir o restante do vídeo (101s)...
2026-03-05 21:32:38,689 [INFO] ✅ Vídeo finalizado por completo pela conta @realstories!
2026-03-05 21:32:38,690 [INFO] 🚪 Tarefas concluídas para @realstories. Encerrando navegador do perfil...
2026-03-05 21:32:40,707 [INFO] ⏸ Aguardando 10s antes de trocar de conta...

2026-03-05 21:32:50,710 [INFO] 
############################################################
2026-03-05 21:32:50,711 [INFO] 👥 INICIANDO SESSÃO - CONTA 5/5: @olimpiamais
2026-03-05 21:32:50,711 [INFO] ############################################################
2026-03-05 21:32:50,714 [INFO] 🧹 Fechando processos abertos do Chrome para liberar portas...
2026-03-05 21:32:53,121 [INFO] 🌐 Iniciando o Chrome de Automação Isolado...
2026-03-05 21:32:53,151 [INFO] ⏳ Aguardando o Chrome iniciar a porta (10s)...
2026-03-05 21:33:03,155 [INFO] ====== WebDriver manager ======
2026-03-05 21:33:05,368 [INFO] Get LATEST chromedriver version for google-chrome
2026-03-05 21:33:06,521 [INFO] Get LATEST chromedriver version for google-chrome
2026-03-05 21:33:07,618 [INFO] Driver [C:\Users\joaqu\.wdm\drivers\chromedriver\win64\145.0.7632.117\chromedriver-win32/chromedriver.exe] found in cache
2026-03-05 21:33:08,223 [INFO] 🔑 Verificando login para a conta: olimpiamais ...
2026-03-05 21:33:21,500 [INFO] ✅ Cloudflare superado.
2026-03-05 21:33:26,549 [WARNING] ⚠️  Erro na automação de login (pode já estar logado ou layout mudou): Message: no such element: Unable to locate element: {"method":"css selector","selector":"input[name='username'], input[type='email'], input#login-username"}
  (Session info: chrome=145.0.7632.117); For documentation on this error, please visit: https://www.selenium.dev/documentation/webdriver/troubleshooting/errors#nosuchelementexception
Stacktrace:
Symbols not available. Dumping unresolved backtrace:
	0x5c7dd3
	0x5c7e14
	0x3d1db0
	0x41c20a
	0x41c4ab
	0x45de32
	0x43ea84
	0x45b621
	0x43e7d6
	0x410049
	0x410e04
	0x826924
	0x821bf7
	0x83f5a0
	0x5e0f58
	0x5e891d
	0x5d0648
	0x5d0812
	0x5ba21a
	0x75305d49
	0x7775d83b
	0x7775d7c1

2026-03-05 21:33:26,549 [INFO] 🎬 Processando 4 vídeos listados para a conta @olimpiamais...
2026-03-05 21:33:26,551 [INFO] 
--------------------------------------------------
2026-03-05 21:33:26,552 [INFO] 📹 Vídeo 1/4: https://rumble.com/v76mlou-fred-and-gustavo-and-z-neto-and-cristiano-clube-dos-solteiros-karaok-com-se.html (@olimpiamais)
2026-03-05 21:33:26,553 [INFO] ▶️  Abrindo: https://rumble.com/v76mlou-fred-and-gustavo-and-z-neto-and-cristiano-clube-dos-solteiros-karaok-com-se.html
2026-03-05 21:33:38,489 [INFO] ⏱  Assistindo os primeiros 10s para liberar os botões (duração total: 185s)...
2026-03-05 21:33:48,589 [INFO] ✅ Visualização inicial concluída.
2026-03-05 21:33:50,135 [INFO] 👍 Like dado via injeção JavaScript (Novo Layout)!
2026-03-05 21:33:51,375 [INFO] 👤 Canal possivelmente já seguido (ou botão não encontrado).
2026-03-05 21:34:04,139 [INFO] 💬 Comentário enviado via botão JS: "Top demais! 🔥 🎉 q"
2026-03-05 21:34:04,142 [INFO] ⏳ Terminando de assistir o restante do vídeo (147s)...
2026-03-05 21:36:35,683 [INFO] ✅ Vídeo finalizado por completo pela conta @olimpiamais!
2026-03-05 21:36:35,685 [INFO] ⏸  Aguardando 4s até o próximo vídeo...
2026-03-05 21:36:39,434 [INFO] 
--------------------------------------------------
2026-03-05 21:36:39,434 [INFO] 📹 Vídeo 2/4: https://rumble.com/v76mlti-bruno-csar-e-rodrigo-and-z-neto-and-cristiano-gaiola-fechada-karaok-com-seg.html (@olimpiamais)
2026-03-05 21:36:39,435 [INFO] ▶️  Abrindo: https://rumble.com/v76mlti-bruno-csar-e-rodrigo-and-z-neto-and-cristiano-gaiola-fechada-karaok-com-seg.html
2026-03-05 21:36:51,144 [INFO] ⏱  Assistindo os primeiros 10s para liberar os botões (duração total: 136s)...
2026-03-05 21:37:01,213 [INFO] ✅ Visualização inicial concluída.
2026-03-05 21:37:02,547 [INFO] 👍 Like dado via injeção JavaScript (Novo Layout)!
2026-03-05 21:37:04,194 [INFO] 👤 Canal possivelmente já seguido (ou botão não encontrado).
2026-03-05 21:37:20,142 [INFO] 💬 Comentário enviado via botão JS: "Muito bom, sempre aprendo algo novo aqui. qz"
2026-03-05 21:37:20,145 [INFO] ⏳ Terminando de assistir o restante do vídeo (95s)...
2026-03-05 21:38:56,264 [INFO] ✅ Vídeo finalizado por completo pela conta @olimpiamais!
2026-03-05 21:38:56,266 [INFO] ⏸  Aguardando 7s até o próximo vídeo...
2026-03-05 21:39:03,399 [INFO] 
--------------------------------------------------
2026-03-05 21:39:03,401 [INFO] 📹 Vídeo 3/4: https://rumble.com/v76owmq-karaok-a-loira-do-carro-branco.html (@olimpiamais)
2026-03-05 21:39:03,403 [INFO] ▶️  Abrindo: https://rumble.com/v76owmq-karaok-a-loira-do-carro-branco.html
2026-03-05 21:39:14,282 [INFO] ⏱  Assistindo os primeiros 10s para liberar os botões (duração total: 212s)...
2026-03-05 21:39:24,333 [INFO] ✅ Visualização inicial concluída.
2026-03-05 21:39:26,271 [INFO] 👍 Like dado via injeção JavaScript (Novo Layout)!
2026-03-05 21:39:28,153 [INFO] 👤 Canal possivelmente já seguido (ou botão não encontrado).
2026-03-05 21:39:44,376 [INFO] 💬 Comentário enviado via botão JS: "Muito bom, sempre aprendo algo novo aqui.! oj"
2026-03-05 21:39:44,376 [INFO] ⏳ Terminando de assistir o restante do vídeo (171s)...
2026-03-05 21:42:35,899 [INFO] ✅ Vídeo finalizado por completo pela conta @olimpiamais!
2026-03-05 21:42:35,901 [INFO] ⏸  Aguardando 3s até o próximo vídeo...
2026-03-05 21:42:39,264 [INFO] 
--------------------------------------------------
2026-03-05 21:42:39,264 [INFO] 📹 Vídeo 4/4: https://rumble.com/v76oxqq-karaok-boate-azul.html (@olimpiamais)
2026-03-05 21:42:39,267 [INFO] ▶️  Abrindo: https://rumble.com/v76oxqq-karaok-boate-azul.html
2026-03-05 21:42:50,455 [INFO] ⏱  Assistindo os primeiros 10s para liberar os botões (duração total: 142s)...
2026-03-05 21:43:00,542 [INFO] ✅ Visualização inicial concluída.
2026-03-05 21:43:02,340 [INFO] 👍 Like dado via injeção JavaScript (Novo Layout)!
2026-03-05 21:43:03,625 [INFO] 👤 Canal possivelmente já seguido (ou botão não encontrado).
2026-03-05 21:43:19,520 [INFO] 💬 Comentário enviado via botão JS: "Muito informativo, obrigado! 👍 yb"
2026-03-05 21:43:19,525 [INFO] ⏳ Terminando de assistir o restante do vídeo (101s)...
2026-03-05 21:45:05,515 [INFO] ✅ Vídeo finalizado por completo pela conta @olimpiamais!
2026-03-05 21:45:05,516 [INFO] 🚪 Tarefas concluídas para @olimpiamais. Encerrando navegador do perfil...
2026-03-05 21:45:07,565 [INFO] 🏁 Automação Multi-Conta Finalizada! Todos os vídeos vistos por todas as contas.
